Image,Class
16865.png,63
10070.png,27
06735.png,81
15246.png,81
09026.png,27
18025.png,27
07099.png,30
15796.png,4
12863.png,76
18822.png,22
11331.png,31
00097.png,93
07872.png,70
13727.png,27
18101.png,27
10522.png,58
11673.png,81
19643.png,43
04254.png,27
05912.png,12
11554.png,27
11809.png,71
13042.png,42
04197.png,76
02430.png,30
02111.png,27
18929.png,27
11253.png,38
12091.png,87
11498.png,94
17019.png,38
14036.png,89
10908.png,62
07833.png,65
02919.png,27
01315.png,27
06490.png,30
00515.png,62
04522.png,22
09073.png,70
16421.png,21
05973.png,70
15603.png,81
01888.png,85
05126.png,17
07672.png,70
05587.png,27
02623.png,69
02342.png,38
11356.png,64
19841.png,81
15161.png,25
16959.png,27
18951.png,78
08027.png,27
12693.png,27
19833.png,93
01832.png,17
03260.png,25
07738.png,38
10006.png,38
11215.png,27
03317.png,17
13869.png,27
06000.png,25
07812.png,12
05434.png,27
01500.png,50
04606.png,38
06335.png,81
05183.png,81
07871.png,69
08590.png,69
08302.png,30
04895.png,81
05942.png,54
02974.png,27
01274.png,27
19605.png,85
09643.png,43
08390.png,86
02996.png,27
01244.png,44
11234.png,27
05323.png,23
07333.png,66
00148.png,27
16711.png,27
03255.png,27
15112.png,81
01292.png,27
09846.png,27
04976.png,21
03445.png,45
09317.png,17
13230.png,30
01663.png,73
12483.png,81
06798.png,94
07814.png,38
07676.png,21
14631.png,68
13662.png,17
07056.png,54
17803.png,84
11823.png,23
19748.png,27
04878.png,76
12352.png,86
14831.png,31
19619.png,19
16449.png,67
09369.png,27
03828.png,28
13670.png,24
12329.png,27
14489.png,81
09332.png,31
05459.png,57
17735.png,81
07315.png,25
03087.png,92
04038.png,38
16867.png,89
14653.png,27
12108.png,27
13602.png,2
16144.png,38
10036.png,27
06144.png,44
16004.png,85
11566.png,64
00881.png,79
02517.png,17
08817.png,18
04314.png,38
05989.png,81
15987.png,27
01445.png,53
00277.png,70
03754.png,72
00279.png,77
07887.png,27
04766.png,64
17777.png,85
10791.png,87
13256.png,30
17437.png,68
17091.png,38
02613.png,12
05614.png,55
04780.png,78
12046.png,53
16784.png,27
08843.png,43
18368.png,68
09792.png,27
06094.png,27
10604.png,4
04321.png,21
00823.png,23
08260.png,62
13248.png,27
09166.png,64
10096.png,79
14915.png,27
04765.png,27
07530.png,30
04408.png,62
07275.png,73
02231.png,68
06238.png,38
11933.png,33
08370.png,27
08779.png,78
05340.png,27
00794.png,27
11265.png,25
03417.png,17
16151.png,18
04158.png,38
00691.png,87
05332.png,76
00885.png,83
11637.png,77
18555.png,27
15920.png,20
00222.png,22
18205.png,70
17223.png,23
04706.png,38
13638.png,57
03571.png,7
07201.png,89
06203.png,27
12933.png,33
18917.png,17
07452.png,27
17140.png,81
01154.png,27
18609.png,70
05759.png,2
17788.png,27
13750.png,78
09740.png,27
02864.png,58
02999.png,44
15158.png,38
07112.png,12
18732.png,65
14634.png,27
07049.png,27
16707.png,38
01935.png,27
12480.png,78
16739.png,6
07091.png,38
00401.png,1
10585.png,85
19818.png,18
12822.png,53
16578.png,31
05963.png,9
01784.png,82
11151.png,77
09532.png,27
03147.png,47
13398.png,94
05602.png,68
01570.png,27
00046.png,64
16166.png,31
05090.png,22
02775.png,27
00488.png,85
16911.png,68
09038.png,27
09271.png,69
16555.png,27
01246.png,76
04951.png,81
01422.png,70
17978.png,76
14025.png,25
06812.png,83
01598.png,94
00808.png,62
10168.png,66
00566.png,64
06236.png,27
04686.png,22
18367.png,17
19947.png,93
05099.png,27
03028.png,28
19238.png,38
00044.png,20
01456.png,54
06303.png,27
17986.png,30
19455.png,27
18722.png,27
07937.png,27
17935.png,77
05760.png,27
18241.png,65
17160.png,58
09247.png,77
04032.png,47
04002.png,22
04376.png,74
01429.png,69
04436.png,14
11119.png,89
14242.png,56
12531.png,31
00939.png,38
00857.png,30
03960.png,58
11388.png,85
19891.png,87
10051.png,27
05754.png,85
03664.png,27
00240.png,79
05949.png,73
01576.png,69
01086.png,84
06370.png,31
12944.png,44
02505.png,28
11210.png,47
08476.png,23
04496.png,17
07596.png,88
13658.png,44
19872.png,70
15001.png,27
12253.png,38
08059.png,83
04605.png,93
13951.png,27
13065.png,27
11841.png,76
13465.png,25
10839.png,30
11326.png,27
10118.png,93
15746.png,79
08385.png,83
16845.png,30
06838.png,38
17462.png,27
07224.png,24
19444.png,44
06506.png,38
08840.png,70
06110.png,23
06059.png,57
15257.png,12
06961.png,59
15908.png,68
10877.png,81
05497.png,93
07867.png,31
14346.png,27
12867.png,85
01629.png,27
18761.png,7
17501.png,61
13811.png,9
16386.png,84
12955.png,27
06401.png,38
00660.png,45
17759.png,57
12341.png,81
02441.png,93
16956.png,54
00783.png,81
09409.png,9
03391.png,56
09586.png,84
15403.png,27
17035.png,81
19626.png,27
19694.png,27
04568.png,65
19599.png,30
08514.png,79
16607.png,31
06061.png,59
02048.png,27
01967.png,65
01750.png,23
11613.png,13
02167.png,27
00024.png,27
02844.png,24
06916.png,27
17764.png,84
14719.png,79
03318.png,27
16137.png,77
13120.png,20
09838.png,6
06398.png,5
06799.png,38
02685.png,22
10090.png,95
10222.png,22
05945.png,14
19427.png,27
07732.png,31
08819.png,38
09553.png,56
15662.png,27
04540.png,81
18570.png,17
10580.png,27
00564.png,24
01404.png,93
09821.png,21
13623.png,23
00971.png,69
04112.png,12
12758.png,56
14459.png,57
08648.png,72
00629.png,85
18701.png,23
14805.png,17
03155.png,27
00741.png,41
15505.png,81
06117.png,27
01067.png,27
18216.png,2
18413.png,13
06759.png,23
05191.png,87
18437.png,27
03003.png,71
05386.png,22
07900.png,10
09766.png,64
12275.png,27
10863.png,93
08396.png,76
03565.png,27
18150.png,27
14950.png,76
19639.png,38
19621.png,21
19134.png,77
19968.png,17
05791.png,38
19014.png,58
06606.png,6
18629.png,30
13966.png,84
18727.png,27
17258.png,21
10891.png,87
04933.png,33
19677.png,76
08697.png,93
01376.png,27
04608.png,58
17220.png,38
08173.png,27
02807.png,7
17902.png,2
10633.png,27
01257.png,30
06769.png,67
04328.png,28
05407.png,7
01091.png,38
05162.png,27
05994.png,27
13928.png,27
01021.png,21
16488.png,85
18418.png,27
01153.png,38
09459.png,68
13161.png,38
03248.png,27
19519.png,10
19550.png,31
04290.png,86
03386.png,84
16697.png,93
08215.png,1
04916.png,68
12224.png,24
02532.png,31
10325.png,27
12732.png,27
10297.png,93
14027.png,27
12252.png,27
01407.png,2
12343.png,43
11954.png,10
02590.png,69
00918.png,17
10817.png,18
00707.png,38
03235.png,81
19695.png,27
02540.png,27
18304.png,93
06955.png,27
11365.png,38
18263.png,58
11992.png,27
04048.png,27
03246.png,53
10657.png,30
19760.png,27
02945.png,24
11844.png,27
06706.png,38
09843.png,43
10827.png,27
05613.png,13
00534.png,81
01605.png,77
04250.png,61
12116.png,16
01210.png,10
08356.png,38
16785.png,83
12727.png,27
19641.png,41
12487.png,27
01706.png,38
10280.png,17
13137.png,91
16958.png,38
07776.png,27
06372.png,70
13564.png,27
07600.png,38
15235.png,81
09985.png,32
15170.png,68
03940.png,12
01968.png,65
13378.png,77
14431.png,31
18530.png,30
16938.png,27
04689.png,81
19701.png,27
03806.png,6
02717.png,17
02701.png,89
02799.png,59
18775.png,17
02849.png,27
03962.png,57
12959.png,30
15961.png,59
01943.png,38
13721.png,38
04519.png,18
15907.png,7
06433.png,17
08619.png,81
04966.png,31
09066.png,76
03138.png,38
10285.png,82
11988.png,85
17029.png,27
01528.png,93
01737.png,81
19476.png,75
07890.png,7
19322.png,82
19138.png,23
06462.png,27
15123.png,23
11322.png,22
11268.png,66
05293.png,89
15739.png,38
11653.png,38
09921.png,21
01172.png,70
08411.png,27
02858.png,21
15276.png,27
06557.png,45
06945.png,56
18958.png,56
09948.png,27
08609.png,27
09906.png,38
12374.png,27
00680.png,27
16520.png,20
08418.png,67
09989.png,81
06650.png,84
03854.png,27
04637.png,89
05813.png,27
06476.png,27
03678.png,76
09686.png,84
02265.png,27
10286.png,30
19824.png,24
02089.png,81
11064.png,73
06056.png,54
13657.png,57
19471.png,38
05603.png,27
16450.png,93
19020.png,20
10506.png,38
04995.png,27
16372.png,70
15906.png,38
17982.png,81
01858.png,44
11906.png,79
03737.png,85
10172.png,71
08850.png,31
03050.png,27
13665.png,27
17161.png,20
14157.png,44
14276.png,43
08174.png,27
06995.png,27
16807.png,7
10658.png,21
09654.png,27
15406.png,6
01690.png,38
11628.png,28
04710.png,68
19313.png,78
04687.png,27
19294.png,25
09765.png,63
05884.png,83
11130.png,55
03569.png,27
16475.png,27
01219.png,64
03094.png,81
01144.png,44
07381.png,66
10019.png,38
07335.png,27
18827.png,27
12057.png,30
15655.png,27
17829.png,27
08259.png,30
09466.png,27
08890.png,13
03766.png,64
12238.png,38
19279.png,77
16635.png,81
13058.png,21
10431.png,31
04265.png,68
05684.png,27
01133.png,93
10322.png,27
13510.png,17
13032.png,31
00821.png,21
14251.png,76
12802.png,30
15329.png,30
01141.png,27
15023.png,23
07693.png,89
02421.png,21
13289.png,81
11756.png,38
04406.png,38
14640.png,81
06784.png,27
02064.png,27
07688.png,85
18094.png,27
09278.png,76
19396.png,27
15896.png,31
01641.png,81
15828.png,28
02324.png,27
03106.png,38
17691.png,87
09844.png,44
16613.png,13
16490.png,30
10334.png,34
01293.png,89
18684.png,83
01611.png,27
00557.png,57
12923.png,0
12667.png,66
05368.png,17
07974.png,72
02345.png,53
04170.png,17
18681.png,78
10194.png,27
15151.png,67
09189.png,81
12285.png,83
04484.png,79
04972.png,70
15242.png,42
04761.png,59
13156.png,2
16732.png,76
15701.png,27
04754.png,53
18716.png,27
14655.png,27
13519.png,27
11100.png,59
05224.png,24
15829.png,27
06585.png,10
02072.png,9
09634.png,81
02110.png,79
05857.png,30
18011.png,68
03306.png,38
02895.png,81
08221.png,21
12254.png,27
18746.png,81
00554.png,53
08856.png,6
14198.png,94
11115.png,73
01513.png,85
16009.png,58
11994.png,77
14973.png,71
11421.png,21
01359.png,10
18507.png,7
05287.png,27
13934.png,80
19117.png,17
01069.png,67
00859.png,57
11512.png,12
09102.png,68
01557.png,54
14737.png,27
11821.png,21
07489.png,81
04218.png,27
09420.png,20
15757.png,57
01940.png,40
19167.png,17
02622.png,27
01806.png,38
13899.png,95
14226.png,65
10916.png,27
08139.png,22
13112.png,12
18462.png,62
02305.png,4
04945.png,27
00210.png,10
14578.png,76
01140.png,77
13970.png,32
10806.png,6
00186.png,84
15168.png,66
08587.png,27
16641.png,40
14810.png,7
06214.png,38
10345.png,58
17826.png,27
08077.png,27
17586.png,84
09712.png,27
15002.png,2
12886.png,58
11893.png,77
11271.png,38
16071.png,69
17569.png,27
09501.png,79
13584.png,32
15715.png,68
02645.png,45
07761.png,59
15173.png,71
14939.png,38
04251.png,51
17487.png,7
12601.png,67
18594.png,91
09169.png,67
12440.png,40
16619.png,38
15273.png,27
19063.png,93
03290.png,38
17785.png,83
04365.png,27
19580.png,27
05289.png,81
17583.png,81
00843.png,43
07278.png,32
04291.png,87
04391.png,21
16924.png,68
09437.png,77
01502.png,57
06206.png,6
01971.png,69
10910.png,83
13089.png,81
16204.png,27
12597.png,93
08791.png,38
19469.png,67
11861.png,69
06887.png,27
06869.png,67
14970.png,66
16281.png,18
10347.png,17
00839.png,38
01998.png,94
16459.png,57
19985.png,83
08748.png,27
16086.png,84
11520.png,84
04029.png,27
16852.png,38
05917.png,17
06866.png,31
12478.png,76
14932.png,65
03019.png,27
08582.png,27
02725.png,25
02783.png,81
11923.png,23
09240.png,40
19156.png,2
06386.png,84
03700.png,22
16748.png,27
15722.png,22
11303.png,22
16719.png,38
11936.png,27
02537.png,77
10025.png,25
10971.png,69
15343.png,43
13052.png,62
12015.png,49
01470.png,31
04117.png,27
00284.png,38
13823.png,23
08136.png,27
04008.png,84
09187.png,27
11454.png,76
11398.png,93
02928.png,28
02236.png,81
01894.png,27
14824.png,58
19642.png,59
17404.png,4
18074.png,27
18409.png,70
09273.png,71
15643.png,43
12356.png,94
07418.png,17
16639.png,38
01307.png,69
01879.png,77
04146.png,81
10576.png,81
15226.png,27
01295.png,81
03158.png,75
19098.png,93
03990.png,68
01116.png,16
10232.png,32
19006.png,18
17370.png,27
14815.png,27
02841.png,81
17478.png,76
12318.png,17
12384.png,82
15515.png,62
16904.png,93
02483.png,81
01030.png,30
16000.png,30
17599.png,30
00458.png,14
09529.png,25
16270.png,17
01839.png,0
07311.png,17
16076.png,27
01410.png,0
07230.png,30
12178.png,76
04118.png,17
02075.png,73
01011.png,27
01463.png,61
14348.png,85
19030.png,30
14635.png,81
08525.png,27
00804.png,4
00740.png,7
13949.png,75
19082.png,27
08441.png,81
15848.png,27
18693.png,27
05784.png,38
10560.png,58
10518.png,18
03902.png,68
17504.png,85
17112.png,12
10752.png,40
17929.png,17
01496.png,85
15102.png,10
18250.png,9
18765.png,27
16673.png,71
01465.png,63
10103.png,58
02130.png,30
16292.png,27
00686.png,70
13778.png,76
17778.png,76
08024.png,58
05457.png,54
01353.png,38
19059.png,22
02808.png,27
14408.png,9
16484.png,68
16112.png,83
00475.png,27
05739.png,0
17634.png,81
02157.png,23
10181.png,27
07929.png,27
09873.png,70
15193.png,27
03121.png,21
16460.png,27
02559.png,30
01881.png,30
03059.png,2
02172.png,70
02994.png,35
15825.png,25
04980.png,78
09861.png,88
18662.png,27
10346.png,27
05680.png,78
15496.png,27
12911.png,68
17712.png,84
16326.png,27
14225.png,25
02722.png,22
15706.png,7
15195.png,77
08393.png,27
01823.png,23
17270.png,27
16883.png,81
05334.png,27
08796.png,65
02219.png,19
13215.png,27
19464.png,11
11202.png,22
02753.png,38
04374.png,61
16658.png,56
05623.png,23
18386.png,68
08809.png,27
04234.png,81
18477.png,17
01866.png,64
04055.png,27
00958.png,38
19869.png,67
16266.png,31
17799.png,20
04994.png,27
02302.png,2
03172.png,70
10164.png,27
03333.png,33
14726.png,27
08380.png,78
13708.png,9
00651.png,27
13541.png,51
09562.png,27
18839.png,38
16258.png,38
12431.png,65
08936.png,62
06165.png,27
14967.png,66
11456.png,54
10004.png,4
10110.png,23
12662.png,27
04447.png,47
06701.png,27
15973.png,71
14700.png,28
11588.png,85
17589.png,81
01213.png,11
16803.png,71
15945.png,27
01078.png,32
08262.png,27
14594.png,81
08803.png,27
05445.png,38
05037.png,93
17066.png,64
16495.png,91
11537.png,28
04212.png,76
01758.png,56
09003.png,22
07917.png,17
03404.png,4
06296.png,27
18710.png,10
08383.png,81
00114.png,63
16763.png,27
03051.png,51
04194.png,27
10144.png,45
01903.png,83
01633.png,33
14938.png,25
15865.png,27
11186.png,22
14162.png,51
08545.png,38
06648.png,27
19867.png,65
10778.png,76
14806.png,38
17615.png,27
11068.png,17
09878.png,79
19163.png,58
15923.png,23
17142.png,38
10137.png,18
12110.png,27
09175.png,27
16193.png,89
08004.png,5
18260.png,27
01535.png,81
08540.png,81
02406.png,38
11696.png,27
01514.png,30
10933.png,27
10757.png,30
18763.png,76
18962.png,61
12182.png,80
13310.png,27
08314.png,58
00595.png,27
09312.png,12
18181.png,0
15452.png,38
19930.png,57
01855.png,38
10828.png,28
04456.png,38
01654.png,27
16966.png,64
12112.png,12
03177.png,27
14529.png,27
06660.png,58
02995.png,20
12027.png,27
15029.png,68
15113.png,12
14038.png,38
13759.png,95
10990.png,38
08500.png,38
02301.png,93
11654.png,27
17549.png,81
05324.png,27
04516.png,16
04726.png,17
01893.png,89
05460.png,58
19115.png,66
00056.png,20
07891.png,38
01164.png,68
03594.png,27
08488.png,85
01626.png,17
09811.png,0
01020.png,59
04397.png,93
17633.png,27
11826.png,27
12414.png,41
19352.png,27
04324.png,25
06641.png,31
16423.png,23
18795.png,27
17468.png,17
05045.png,44
14565.png,27
11608.png,70
00089.png,81
09546.png,46
15364.png,62
04309.png,70
00562.png,30
02182.png,81
17349.png,68
06098.png,54
17106.png,30
17281.png,79
02091.png,21
05526.png,68
16189.png,27
04773.png,70
17217.png,17
14246.png,42
10235.png,91
19371.png,69
09513.png,70
06853.png,23
02987.png,27
03488.png,81
11384.png,17
13080.png,76
07808.png,62
06070.png,68
14369.png,67
08349.png,66
08883.png,81
18651.png,27
01415.png,27
18494.png,27
19960.png,58
11092.png,27
12025.png,25
11781.png,79
14554.png,27
12626.png,27
07376.png,62
07661.png,59
00730.png,40
08144.png,44
18342.png,42
01953.png,94
14026.png,17
03661.png,59
19180.png,79
10266.png,76
07217.png,17
03595.png,77
15208.png,72
10599.png,44
01908.png,27
01910.png,57
10937.png,77
03454.png,27
18155.png,27
06503.png,3
09479.png,77
06149.png,18
01283.png,81
06167.png,31
14602.png,31
07267.png,27
07446.png,81
02434.png,81
13188.png,85
18399.png,9
15038.png,38
07431.png,31
05619.png,85
07631.png,27
15562.png,27
06777.png,75
10119.png,18
05469.png,67
08457.png,28
02451.png,27
02812.png,12
13144.png,38
19416.png,73
06497.png,93
10655.png,27
11083.png,81
03499.png,95
03684.png,78
02217.png,85
01924.png,27
04964.png,27
13536.png,27
02975.png,17
14194.png,27
11713.png,13
02938.png,78
08100.png,68
04050.png,27
14992.png,38
01701.png,25
08762.png,30
10402.png,27
16230.png,86
03759.png,57
13024.png,38
14481.png,79
01384.png,89
00581.png,17
19928.png,28
04827.png,27
06166.png,31
04001.png,64
04198.png,94
16978.png,76
03579.png,77
00874.png,22
11405.png,79
08757.png,30
02764.png,62
09015.png,27
15015.png,73
13264.png,62
09333.png,31
16108.png,27
11219.png,27
11214.png,27
06134.png,34
12416.png,16
16322.png,22
03406.png,38
06330.png,30
10460.png,27
12403.png,22
03913.png,79
05142.png,57
13859.png,38
07299.png,0
03640.png,27
04067.png,66
16536.png,61
02022.png,30
10185.png,27
18184.png,82
01717.png,17
07417.png,17
00001.png,76
04670.png,27
04724.png,27
16405.png,77
05817.png,67
12771.png,38
05890.png,55
07199.png,45
18060.png,58
18005.png,57
02526.png,27
09574.png,67
13359.png,84
13315.png,25
08693.png,76
00870.png,31
00082.png,81
01950.png,7
01905.png,93
10044.png,44
16125.png,25
13586.png,65
00787.png,27
12355.png,27
13632.png,65
12468.png,17
16741.png,40
08472.png,70
08881.png,12
06078.png,76
04081.png,79
03001.png,78
01148.png,89
05105.png,93
08312.png,78
17072.png,27
11137.png,27
08413.png,13
00109.png,70
06744.png,44
06210.png,27
06482.png,27
00439.png,25
19164.png,27
09913.png,27
06207.png,64
10662.png,58
14483.png,81
09554.png,9
14948.png,31
04545.png,27
04164.png,62
19485.png,82
00665.png,27
05238.png,24
00157.png,44
06699.png,20
09724.png,27
16305.png,5
02728.png,28
16884.png,76
15801.png,27
14781.png,78
00521.png,21
05911.png,27
15367.png,27
10486.png,84
19028.png,81
04924.png,30
07174.png,27
00204.png,4
11827.png,27
13612.png,13
17747.png,77
14151.png,27
16018.png,25
18880.png,76
04790.png,38
19820.png,0
11277.png,81
09607.png,7
03432.png,17
15559.png,57
18723.png,38
00269.png,27
04588.png,85
17616.png,27
14908.png,84
11316.png,68
03038.png,24
08352.png,27
12454.png,27
09213.png,28
11545.png,30
06364.png,27
03497.png,93
10782.png,81
05826.png,27
04126.png,27
18196.png,27
02951.png,27
12114.png,24
03245.png,27
19355.png,27
01082.png,81
10475.png,73
02495.png,81
08783.png,81
10380.png,93
02511.png,27
12147.png,4
11106.png,38
08231.png,31
18605.png,85
04928.png,28
10913.png,9
13901.png,27
19984.png,76
12419.png,27
15046.png,76
15962.png,84
02059.png,15
18083.png,81
03485.png,17
17529.png,27
19364.png,58
10303.png,30
16582.png,81
09561.png,59
02683.png,81
10252.png,27
08372.png,70
12691.png,87
06156.png,93
18618.png,32
15548.png,27
04010.png,10
17067.png,73
19706.png,38
12323.png,23
15237.png,17
17535.png,27
14312.png,18
11966.png,76
14047.png,78
19398.png,28
02170.png,68
02126.png,17
18068.png,27
02349.png,75
14390.png,38
07207.png,59
15776.png,81
05046.png,70
18755.png,27
10406.png,6
07040.png,46
19822.png,10
07942.png,42
19831.png,17
18378.png,76
11269.png,76
11438.png,24
00779.png,77
17587.png,27
19665.png,27
00803.png,23
15184.png,27
03687.png,27
06385.png,83
14197.png,28
07751.png,27
12789.png,81
02437.png,76
16483.png,81
06842.png,42
04191.png,38
06815.png,68
07492.png,88
11829.png,17
07198.png,94
04943.png,43
17901.png,27
01381.png,18
16820.png,19
11867.png,76
07250.png,58
06220.png,0
03583.png,81
19974.png,27
14125.png,27
15837.png,77
14288.png,9
14699.png,45
10404.png,27
13158.png,21
15985.png,72
05694.png,81
06276.png,27
05449.png,73
05251.png,81
08584.png,27
00512.png,12
07804.png,77
01355.png,27
00735.png,81
12616.png,16
01195.png,81
02629.png,27
13061.png,69
09524.png,24
08013.png,13
11626.png,27
12586.png,24
10988.png,85
11436.png,77
13812.png,58
10053.png,77
13935.png,81
17017.png,17
07806.png,38
17447.png,78
14335.png,81
12721.png,21
11481.png,17
15093.png,89
18853.png,38
01681.png,27
13079.png,77
14890.png,30
12230.png,30
02012.png,12
13385.png,3
02411.png,17
16279.png,17
12068.png,17
02168.png,27
08128.png,28
10749.png,0
07678.png,31
13663.png,61
14358.png,38
06940.png,89
01847.png,47
07168.png,17
06788.png,85
12443.png,54
08422.png,22
17148.png,72
19835.png,81
12939.png,38
05257.png,55
05272.png,70
12281.png,27
04795.png,81
08744.png,44
02562.png,27
16986.png,27
18976.png,23
02171.png,59
17314.png,58
04083.png,77
01304.png,76
01065.png,27
15027.png,27
16901.png,27
17806.png,38
06649.png,17
02454.png,27
13462.png,27
16752.png,38
09463.png,93
06159.png,59
12729.png,27
14658.png,38
02485.png,83
00852.png,24
18285.png,83
06515.png,27
00124.png,24
02061.png,59
18843.png,43
04285.png,83
11334.png,81
07577.png,0
17688.png,85
16330.png,30
04596.png,17
15835.png,81
14137.png,77
08896.png,93
18781.png,68
03557.png,59
03257.png,94
14649.png,27
14115.png,27
17108.png,27
01653.png,23
09505.png,4
18849.png,49
19788.png,85
14292.png,27
02891.png,87
14720.png,20
08705.png,4
13828.png,28
05534.png,27
17889.png,81
04363.png,89
15568.png,17
07741.png,27
11766.png,76
15118.png,18
06732.png,76
02561.png,59
13667.png,65
04169.png,67
18995.png,81
15599.png,65
12582.png,27
00674.png,61
13862.png,62
03943.png,43
12392.png,73
15816.png,27
08270.png,27
15313.png,70
12559.png,23
19303.png,84
01334.png,81
16161.png,69
08837.png,81
12752.png,38
12093.png,89
00394.png,27
06043.png,38
10955.png,27
01468.png,66
07568.png,66
16562.png,27
17000.png,69
03691.png,38
09296.png,27
18762.png,62
04125.png,68
18614.png,38
15483.png,81
19533.png,33
13260.png,27
12528.png,28
13684.png,27
10468.png,17
10157.png,30
05391.png,38
08241.png,81
07745.png,59
06819.png,23
13273.png,71
12540.png,12
10159.png,23
06653.png,69
13491.png,87
00215.png,27
12618.png,18
13034.png,27
16341.png,93
01577.png,75
08814.png,27
04981.png,72
19817.png,17
08707.png,0
12927.png,27
16776.png,89
08539.png,2
08163.png,58
13716.png,38
14471.png,69
01965.png,27
06938.png,41
13321.png,21
05214.png,61
09436.png,81
15541.png,81
03865.png,27
06963.png,61
04240.png,77
08603.png,27
11522.png,22
12603.png,70
15354.png,53
06723.png,23
16352.png,38
03408.png,84
08479.png,77
13554.png,0
19944.png,44
03253.png,38
05151.png,81
14768.png,31
06666.png,31
08316.png,16
01816.png,68
00253.png,38
14278.png,76
02174.png,27
15456.png,16
04842.png,42
11493.png,77
14230.png,30
15629.png,27
16128.png,61
19623.png,23
02132.png,76
15055.png,27
02632.png,57
02743.png,43
12569.png,18
19221.png,21
03850.png,53
00669.png,27
05506.png,38
01592.png,27
05880.png,65
12974.png,58
01614.png,9
01578.png,77
03344.png,44
00537.png,93
03818.png,18
17489.png,81
14066.png,76
01183.png,81
08847.png,47
15040.png,76
11299.png,68
11292.png,18
09953.png,38
11088.png,17
02222.png,23
14073.png,70
01745.png,24
05354.png,53
01951.png,85
00357.png,27
00898.png,94
12851.png,81
16890.png,38
08968.png,17
07023.png,23
01585.png,81
17568.png,32
02204.png,4
16468.png,66
15838.png,38
08848.png,27
11305.png,4
13987.png,27
19123.png,23
08978.png,76
09306.png,38
16660.png,27
14153.png,18
13473.png,70
12909.png,57
09129.png,27
19572.png,70
16563.png,27
01573.png,71
08481.png,78
06188.png,65
10603.png,23
08068.png,17
16519.png,18
01651.png,27
03635.png,70
09330.png,30
14423.png,30
19097.png,93
10667.png,17
06365.png,63
10627.png,27
10901.png,27
02191.png,20
00773.png,70
12366.png,57
18374.png,72
15764.png,89
02943.png,23
19911.png,7
13096.png,17
09449.png,38
11090.png,69
06548.png,27
15332.png,32
09354.png,27
08615.png,24
03453.png,44
13145.png,69
13135.png,91
07210.png,17
17882.png,27
16058.png,38
10977.png,83
17505.png,85
13950.png,37
19166.png,13
17537.png,27
03838.png,31
17891.png,38
16479.png,76
04259.png,57
09898.png,27
06808.png,27
06722.png,23
10482.png,81
13402.png,23
19192.png,27
18346.png,77
18978.png,77
11169.png,27
07638.png,38
13552.png,27
01695.png,27
19129.png,27
04389.png,81
03281.png,76
04550.png,7
16524.png,24
17875.png,17
01056.png,54
00818.png,18
18974.png,27
12279.png,76
00057.png,54
17246.png,34
05642.png,42
08189.png,81
10645.png,45
07968.png,27
09092.png,68
17305.png,33
00489.png,27
18492.png,27
18439.png,38
04017.png,17
19236.png,27
09661.png,45
00834.png,27
00945.png,45
11661.png,59
17890.png,86
16567.png,27
09042.png,57
18864.png,58
00847.png,76
11592.png,88
00950.png,17
17419.png,18
14275.png,27
13190.png,38
05435.png,27
13236.png,93
04229.png,25
12513.png,84
08301.png,25
14446.png,46
04419.png,81
14210.png,38
15787.png,67
11235.png,81
04287.png,27
01155.png,27
18848.png,27
19237.png,17
16419.png,27
08071.png,38
03424.png,24
09756.png,94
15709.png,27
11338.png,38
01397.png,93
06174.png,79
09719.png,24
11521.png,56
15654.png,24
19222.png,23
11032.png,31
08601.png,86
12211.png,68
14262.png,27
02409.png,62
06729.png,3
07428.png,28
05568.png,32
11843.png,59
01247.png,93
07408.png,73
16187.png,27
02385.png,83
00957.png,28
04775.png,73
07610.png,10
01439.png,38
16283.png,81
12159.png,57
00701.png,88
12078.png,76
17257.png,38
02401.png,94
06714.png,10
08879.png,76
19392.png,27
02821.png,21
14316.png,16
04162.png,27
06245.png,45
05633.png,33
06327.png,58
15014.png,27
14573.png,71
15666.png,31
01203.png,27
12432.png,65
03376.png,81
17088.png,85
19624.png,15
09076.png,74
02402.png,45
01373.png,71
09952.png,25
11209.png,31
05337.png,27
09729.png,27
14506.png,38
13429.png,27
19435.png,27
04835.png,27
04848.png,27
12229.png,27
01770.png,17
11735.png,81
17225.png,27
13705.png,4
12770.png,27
00809.png,9
06929.png,27
02708.png,58
08456.png,38
12633.png,77
08031.png,31
16084.png,83
10654.png,53
19076.png,91
11544.png,38
00860.png,45
10092.png,17
16464.png,45
06305.png,77
12342.png,42
03822.png,27
03768.png,17
01694.png,27
04054.png,83
19185.png,83
06262.png,27
12551.png,27
12800.png,38
15391.png,38
18357.png,42
08651.png,80
12021.png,21
05621.png,21
00432.png,65
09500.png,7
15338.png,89
08453.png,38
12756.png,81
06696.png,76
07391.png,38
11074.png,27
05774.png,27
05777.png,27
07436.png,59
06904.png,5
11548.png,27
19356.png,94
14368.png,66
10161.png,7
12615.png,27
04930.png,30
09770.png,68
00930.png,10
05892.png,27
19494.png,27
18328.png,28
09151.png,77
01273.png,84
00589.png,51
18504.png,81
18077.png,27
14064.png,27
12058.png,21
14983.png,81
03027.png,27
07518.png,18
15555.png,67
18407.png,89
12462.png,24
06984.png,27
10526.png,17
16623.png,23
08656.png,20
14802.png,23
02039.png,69
03141.png,65
15068.png,66
09601.png,80
14273.png,71
07011.png,7
19585.png,83
02102.png,23
06104.png,4
18126.png,27
09439.png,73
17690.png,69
09602.png,84
02162.png,31
13724.png,27
09362.png,27
11012.png,83
04701.png,27
15679.png,77
04378.png,76
08230.png,30
17851.png,51
04434.png,27
02057.png,12
10497.png,93
17980.png,78
08200.png,84
19373.png,71
00340.png,81
16957.png,94
03631.png,31
05523.png,23
06712.png,76
13352.png,38
11886.png,84
08844.png,44
11325.png,27
08092.png,69
09876.png,81
01071.png,69
17598.png,12
07046.png,28
03596.png,78
02957.png,44
11816.png,68
15813.png,68
01447.png,47
06403.png,3
16917.png,17
07055.png,27
05815.png,65
06943.png,43
00989.png,81
16316.png,38
09492.png,27
05507.png,7
12499.png,27
15991.png,38
05096.png,18
18145.png,38
13401.png,27
13872.png,27
17359.png,23
17513.png,31
15030.png,30
19901.png,38
16447.png,5
02619.png,81
06485.png,83
06877.png,27
01272.png,71
15868.png,76
07232.png,76
07945.png,45
05429.png,27
17302.png,2
02176.png,87
15465.png,27
04908.png,68
07076.png,21
14795.png,27
15974.png,27
02814.png,59
03378.png,76
07439.png,38
11495.png,27
04872.png,70
12090.png,10
18994.png,81
14294.png,77
15394.png,77
12521.png,21
00785.png,81
12157.png,55
19909.png,84
07414.png,20
00789.png,85
09461.png,59
13292.png,27
05733.png,93
15026.png,17
10329.png,27
13484.png,82
03286.png,84
14964.png,27
17861.png,14
03491.png,45
16011.png,68
00580.png,78
12574.png,58
07771.png,69
18310.png,27
11875.png,73
16136.png,46
10187.png,27
02161.png,59
12085.png,25
09484.png,27
17807.png,7
10205.png,5
16374.png,81
14585.png,10
08626.png,27
05691.png,43
14790.png,94
02979.png,77
05593.png,27
17192.png,27
16786.png,70
18688.png,85
02379.png,78
03941.png,73
08763.png,61
14960.png,58
00882.png,81
12219.png,27
17398.png,94
06880.png,79
19922.png,84
13492.png,27
19926.png,27
05304.png,4
17343.png,43
01309.png,27
12717.png,17
05676.png,47
16638.png,38
17974.png,27
19002.png,27
08264.png,62
02789.png,81
11811.png,27
13957.png,55
16652.png,38
06373.png,71
03858.png,44
18872.png,70
11677.png,65
02894.png,81
05288.png,85
03232.png,31
08048.png,77
18441.png,65
05248.png,53
10109.png,12
16066.png,31
17999.png,24
19021.png,21
11590.png,38
06924.png,24
16612.png,12
14693.png,76
17899.png,30
14468.png,17
16628.png,28
11753.png,27
11642.png,42
19883.png,27
03563.png,89
09243.png,43
15992.png,7
14739.png,38
11671.png,69
01464.png,58
17966.png,64
19782.png,65
00929.png,27
06884.png,27
10058.png,38
14733.png,18
15089.png,81
08511.png,68
02276.png,81
16340.png,17
10062.png,62
08306.png,38
08864.png,27
00136.png,27
17421.png,21
09291.png,38
07296.png,27
17307.png,7
02982.png,27
17350.png,62
15807.png,38
04937.png,91
01906.png,38
15255.png,27
16268.png,27
17185.png,83
19174.png,27
14079.png,31
00037.png,27
08083.png,81
04464.png,27
08549.png,27
13397.png,93
04110.png,32
00054.png,27
19711.png,17
12245.png,95
09755.png,27
13023.png,23
00868.png,66
18935.png,81
19838.png,38
01630.png,30
18138.png,59
10999.png,95
17068.png,17
09177.png,81
17609.png,24
07495.png,27
04653.png,23
15827.png,27
17361.png,45
16908.png,27
00530.png,30
11288.png,85
03954.png,27
11899.png,94
05389.png,81
07059.png,57
03752.png,68
00095.png,81
13904.png,4
02129.png,27
12655.png,27
13198.png,42
04100.png,30
03745.png,30
11244.png,44
05883.png,81
14166.png,76
15005.png,31
11955.png,27
14031.png,27
11097.png,93
15729.png,27
08641.png,81
05128.png,28
02389.png,81
09394.png,27
08492.png,67
16412.png,12
12312.png,12
03067.png,65
04715.png,27
14362.png,27
07270.png,68
10509.png,68
11535.png,81
06783.png,81
16733.png,17
16599.png,44
05325.png,27
14268.png,17
08003.png,27
02374.png,53
09083.png,81
07464.png,84
17374.png,27
10534.png,27
12336.png,77
08650.png,94
19946.png,27
12542.png,42
15850.png,18
07365.png,25
01413.png,12
08971.png,69
07106.png,38
00085.png,82
01716.png,42
03534.png,27
00316.png,16
07641.png,77
05546.png,81
12562.png,31
16826.png,27
03131.png,31
12560.png,58
12899.png,23
13515.png,58
10343.png,43
13070.png,10
10670.png,68
19749.png,49
12380.png,49
00613.png,13
08087.png,27
15101.png,27
11932.png,32
11971.png,69
06619.png,85
07066.png,64
11720.png,20
13642.png,42
02642.png,23
04301.png,89
14059.png,95
01389.png,81
03480.png,53
17827.png,27
06268.png,66
02054.png,31
04839.png,22
18168.png,17
03234.png,27
17170.png,27
12038.png,38
10387.png,27
08251.png,1
19395.png,81
13936.png,77
03439.png,79
08214.png,27
14488.png,85
16044.png,44
18137.png,64
00961.png,59
11333.png,93
02970.png,27
11759.png,27
18550.png,62
14381.png,78
07650.png,27
10609.png,70
11077.png,75
00043.png,43
07994.png,27
09262.png,30
08616.png,73
15617.png,17
11518.png,79
14140.png,27
07173.png,71
06195.png,77
02520.png,21
06162.png,68
13487.png,27
01980.png,17
11616.png,69
18636.png,93
19914.png,58
06181.png,79
06375.png,27
03602.png,17
11094.png,91
11663.png,45
05644.png,44
11662.png,31
10729.png,18
09381.png,79
13628.png,28
19269.png,67
00541.png,81
12568.png,27
13799.png,30
19512.png,12
19287.png,27
12426.png,27
07053.png,38
09929.png,27
09117.png,76
13101.png,1
10243.png,43
15960.png,27
07262.png,27
01835.png,27
12689.png,81
14966.png,31
01179.png,81
12706.png,20
14832.png,17
16174.png,27
15697.png,93
00208.png,27
16321.png,21
03793.png,89
10903.png,70
12938.png,44
12383.png,81
03645.png,72
08842.png,42
19010.png,57
14544.png,44
18261.png,16
02096.png,76
19806.png,43
12814.png,45
16706.png,56
05125.png,27
02201.png,72
10067.png,27
05875.png,73
13330.png,30
13594.png,81
19267.png,65
05900.png,30
16087.png,27
00319.png,27
06231.png,68
06391.png,87
19510.png,31
06724.png,24
16457.png,55
03383.png,35
19798.png,28
08682.png,81
18092.png,7
11991.png,38
16939.png,31
15727.png,27
19507.png,6
08290.png,38
06127.png,27
17387.png,27
10826.png,27
00753.png,6
11120.png,0
11513.png,12
06636.png,27
07898.png,94
19146.png,81
02422.png,22
19858.png,56
02303.png,84
00452.png,67
12575.png,27
08691.png,38
01250.png,42
13679.png,76
19080.png,79
06428.png,28
17509.png,65
14123.png,23
02819.png,18
04799.png,27
01526.png,27
05161.png,24
17412.png,81
16513.png,76
03816.png,16
08872.png,70
06440.png,46
14128.png,28
15201.png,73
05442.png,42
10131.png,31
15597.png,4
07316.png,17
01039.png,27
15792.png,32
07303.png,71
12546.png,46
12407.png,2
04468.png,17
18821.png,21
04636.png,31
10436.png,93
06487.png,27
10258.png,38
18430.png,30
00188.png,67
08315.png,73
18961.png,69
02980.png,79
15615.png,68
03552.png,81
05483.png,81
07955.png,27
10242.png,21
14875.png,27
02151.png,27
07571.png,38
02525.png,27
06643.png,44
01341.png,20
07111.png,27
08875.png,73
17732.png,65
03157.png,38
01365.png,27
08509.png,83
03192.png,27
16172.png,70
04747.png,47
02801.png,76
13403.png,70
01995.png,81
05436.png,81
18798.png,28
18970.png,68
00377.png,75
10328.png,28
08066.png,27
17731.png,31
03918.png,17
06536.png,27
09086.png,27
04557.png,45
12994.png,89
04042.png,42
07862.png,62
11018.png,17
15612.png,68
06628.png,28
03239.png,52
18229.png,27
16201.png,94
01771.png,20
10893.png,89
11926.png,27
12420.png,20
16987.png,27
11054.png,27
19029.png,27
06710.png,79
02101.png,81
12503.png,83
06277.png,81
17700.png,1
12694.png,27
14478.png,77
11902.png,84
11684.png,25
19402.png,27
11878.png,46
14124.png,24
11483.png,81
02362.png,76
19188.png,81
06917.png,17
01942.png,42
03679.png,77
04777.png,27
14277.png,81
09857.png,94
00280.png,79
17963.png,45
19815.png,88
17934.png,27
03399.png,20
16313.png,27
04236.png,65
10719.png,38
17707.png,69
16271.png,69
19789.png,81
00889.png,17
15731.png,27
19458.png,56
18894.png,27
05473.png,71
19919.png,38
18314.png,27
16209.png,62
10122.png,23
15717.png,17
14464.png,27
10795.png,27
10581.png,79
06384.png,83
14372.png,71
06939.png,38
14604.png,4
01261.png,59
10416.png,16
16512.png,93
11197.png,93
19923.png,30
00354.png,27
11778.png,76
16965.png,27
18713.png,9
00890.png,57
07863.png,58
18678.png,17
06500.png,20
03396.png,68
17547.png,47
10552.png,38
17817.png,17
01305.png,5
00663.png,24
03423.png,23
11254.png,53
04472.png,70
08094.png,27
04770.png,27
04676.png,38
05438.png,38
12897.png,93
00514.png,14
05278.png,17
07241.png,81
11311.png,57
06685.png,85
02461.png,59
15218.png,18
04671.png,69
04806.png,38
12002.png,69
14793.png,27
17114.png,45
13553.png,59
00171.png,69
16042.png,57
07385.png,83
15376.png,30
11767.png,27
09580.png,76
13203.png,84
07127.png,27
00266.png,67
02003.png,27
01843.png,59
19095.png,81
15547.png,47
11837.png,4
14447.png,4
15790.png,30
16764.png,27
18598.png,94
11476.png,16
14587.png,27
05495.png,81
05140.png,58
00344.png,44
19690.png,2
00607.png,7
16973.png,70
18093.png,89
08304.png,4
12369.png,27
07727.png,27
08338.png,38
12260.png,27
11028.png,28
09831.png,27
03983.png,81
11313.png,70
03883.png,81
12022.png,22
01375.png,76
14651.png,81
16528.png,28
08078.png,77
16181.png,66
06371.png,69
03689.png,81
05073.png,81
19050.png,27
17491.png,87
09927.png,27
12843.png,43
03817.png,17
10533.png,17
06283.png,81
09308.png,62
17863.png,61
05796.png,89
12778.png,27
06350.png,20
16870.png,65
02528.png,28
09089.png,81
10774.png,19
13199.png,69
07404.png,70
14936.png,28
18152.png,27
10671.png,69
04035.png,81
04398.png,12
11110.png,68
11617.png,17
19973.png,71
08965.png,27
04107.png,7
00407.png,20
07740.png,77
08410.png,68
05030.png,30
17038.png,38
18394.png,81
17175.png,31
01621.png,21
01867.png,76
06419.png,64
08805.png,93
01687.png,27
10381.png,79
09537.png,27
10502.png,23
12670.png,68
13575.png,27
03302.png,30
10348.png,70
17129.png,23
14957.png,69
09056.png,47
08561.png,59
04530.png,30
15050.png,27
11733.png,93
04958.png,21
14493.png,58
02288.png,85
18408.png,65
12408.png,62
14416.png,27
15232.png,17
08995.png,27
07606.png,20
05353.png,7
15783.png,81
12375.png,73
01685.png,27
08447.png,47
06132.png,17
12631.png,76
14941.png,27
00006.png,38
12251.png,27
19522.png,23
05219.png,88
07044.png,21
08708.png,9
06306.png,38
10390.png,38
04196.png,27
13845.png,44
19724.png,27
00840.png,47
08368.png,17
15551.png,18
15785.png,42
01029.png,27
19096.png,76
06347.png,47
07822.png,84
06072.png,70
09044.png,44
19678.png,76
06178.png,76
13346.png,89
04109.png,62
10942.png,44
09443.png,43
04720.png,20
19689.png,81
18845.png,27
07681.png,79
10494.png,81
13323.png,22
14911.png,27
12040.png,40
04917.png,17
12908.png,62
10453.png,38
06032.png,17
07263.png,61
05212.png,27
01704.png,4
03149.png,27
12922.png,71
05797.png,18
00763.png,61
11171.png,69
03247.png,89
11065.png,25
03097.png,93
07513.png,12
09141.png,41
07658.png,20
09509.png,27
01434.png,34
03544.png,56
17169.png,67
01151.png,27
11782.png,27
02227.png,27
18121.png,21
11790.png,38
15336.png,57
05908.png,58
00775.png,27
00035.png,31
00296.png,27
17117.png,17
09922.png,24
01590.png,86
14841.png,81
10095.png,81
08903.png,22
08332.png,76
11237.png,27
12056.png,54
11188.png,76
06518.png,25
12466.png,27
16133.png,27
17527.png,27
11192.png,27
06841.png,81
07128.png,28
15372.png,70
06787.png,27
19246.png,85
03898.png,94
12715.png,27
12663.png,61
12294.png,81
04760.png,62
17987.png,27
13815.png,27
03762.png,62
15381.png,79
15065.png,58
13785.png,82
05269.png,27
03628.png,28
17666.png,93
14143.png,43
04607.png,64
08482.png,81
16225.png,25
09979.png,77
02621.png,21
18204.png,47
10314.png,14
00815.png,27
00356.png,87
00190.png,68
17979.png,1
15665.png,27
18392.png,27
01316.png,16
15494.png,27
07859.png,57
07236.png,81
18473.png,71
13853.png,38
02930.png,30
19772.png,70
18613.png,61
00519.png,2
19672.png,71
00864.png,27
08042.png,44
03559.png,85
00048.png,27
06654.png,10
01451.png,81
10932.png,18
08970.png,68
12304.png,75
16879.png,77
14761.png,18
17087.png,27
07403.png,27
05643.png,43
09862.png,27
15069.png,27
05206.png,43
04088.png,85
19722.png,22
19370.png,68
13130.png,30
00639.png,23
11079.png,76
10911.png,17
12875.png,77
15215.png,27
02458.png,59
06309.png,27
18802.png,30
05721.png,21
12719.png,81
10638.png,95
03364.png,62
05344.png,38
03961.png,7
14871.png,38
00895.png,81
10640.png,40
05539.png,94
16640.png,81
12442.png,23
02275.png,31
16473.png,71
12421.png,21
12690.png,30
17936.png,89
05852.png,38
19283.png,81
14259.png,2
11358.png,38
06411.png,27
06266.png,31
07382.png,27
02762.png,70
09713.png,93
18983.png,77
13409.png,27
09840.png,40
06016.png,2
01331.png,31
08361.png,58
04854.png,53
18828.png,27
18679.png,79
10492.png,88
18040.png,68
19064.png,27
11183.png,27
01634.png,27
04921.png,21
00074.png,81
19430.png,30
00844.png,38
18625.png,27
03006.png,6
09198.png,69
05516.png,38
18131.png,93
16666.png,31
04772.png,71
11220.png,20
01561.png,59
11569.png,67
05812.png,12
09884.png,82
05298.png,69
18668.png,66
07161.png,20
06031.png,31
09895.png,27
09216.png,69
18589.png,81
16813.png,68
05028.png,28
00508.png,27
10288.png,85
08637.png,76
15898.png,54
14224.png,24
10912.png,12
18434.png,27
13557.png,28
08532.png,31
09592.png,27
04829.png,25
14747.png,19
06184.png,82
06728.png,28
08998.png,94
06534.png,34
03956.png,42
07190.png,57
13494.png,27
00323.png,38
00664.png,27
11479.png,46
13133.png,27
07249.png,17
11095.png,27
08618.png,27
05695.png,90
09749.png,65
01421.png,21
13412.png,83
04007.png,7
00559.png,22
01596.png,92
04665.png,27
06577.png,81
04559.png,30
03359.png,30
09043.png,23
12269.png,67
16514.png,27
10623.png,23
19153.png,38
09419.png,93
04648.png,58
09688.png,85
14614.png,14
09360.png,27
19647.png,47
05582.png,81
01453.png,24
00345.png,44
05454.png,84
04898.png,2
06131.png,31
12590.png,30
10354.png,10
09453.png,94
09022.png,27
06263.png,45
10422.png,22
09404.png,5
07990.png,38
16025.png,25
03541.png,27
06618.png,18
17337.png,81
06027.png,27
17867.png,27
10960.png,45
06755.png,27
09856.png,23
05527.png,27
06339.png,38
08528.png,28
17760.png,24
03227.png,27
01350.png,27
17808.png,70
02845.png,58
04970.png,68
11016.png,16
05039.png,73
15885.png,61
06919.png,23
07828.png,27
04120.png,56
10980.png,17
11511.png,27
18541.png,76
15504.png,93
10020.png,20
07996.png,79
16871.png,69
02748.png,27
03419.png,27
12866.png,31
04478.png,76
04103.png,58
14591.png,21
05671.png,69
15238.png,38
18748.png,71
07298.png,94
04355.png,27
18414.png,42
02056.png,54
03363.png,89
01918.png,27
17699.png,69
09318.png,18
19649.png,49
16455.png,66
13184.png,58
01442.png,42
09598.png,38
09346.png,46
07063.png,32
07874.png,27
17910.png,10
05832.png,27
04610.png,12
13124.png,27
10625.png,27
09331.png,17
10106.png,6
00369.png,27
09067.png,31
13258.png,44
03888.png,85
16294.png,27
10022.png,22
13329.png,68
19321.png,21
15197.png,93
05673.png,71
19149.png,66
09544.png,20
05833.png,33
15830.png,30
16006.png,38
00174.png,27
19160.png,27
09693.png,27
13526.png,27
17600.png,25
19302.png,30
02354.png,53
18035.png,27
19128.png,93
16188.png,85
10445.png,30
01068.png,17
01137.png,27
15553.png,38
07474.png,27
05987.png,27
17791.png,21
12844.png,44
07379.png,77
04245.png,45
19742.png,42
17885.png,83
14218.png,18
07660.png,45
08289.png,81
03617.png,27
04046.png,5
01829.png,27
11026.png,27
14475.png,73
13332.png,79
15294.png,81
03176.png,38
04300.png,79
05187.png,27
18508.png,24
15651.png,85
09281.png,68
12173.png,71
09168.png,27
02135.png,81
10787.png,27
03332.png,93
10054.png,84
18801.png,27
03086.png,30
00090.png,86
16104.png,54
19434.png,81
18459.png,27
14032.png,32
17280.png,73
05193.png,89
06367.png,27
11297.png,93
16533.png,27
02137.png,81
09440.png,19
09851.png,14
07228.png,28
10760.png,58
06834.png,34
14607.png,30
01923.png,38
06123.png,23
18639.png,38
11312.png,79
06116.png,16
00286.png,84
14688.png,85
16498.png,94
00070.png,68
17695.png,81
00925.png,27
11342.png,42
15826.png,27
07107.png,68
05231.png,27
09373.png,71
06273.png,70
00451.png,18
15514.png,20
12041.png,93
11688.png,85
05814.png,27
10211.png,27
18282.png,27
17641.png,81
10496.png,27
14900.png,49
08389.png,81
04882.png,27
12761.png,38
16646.png,89
09783.png,81
10926.png,27
14515.png,27
14955.png,27
09203.png,14
16923.png,23
01518.png,17
12315.png,63
08067.png,27
14842.png,38
04446.png,76
16905.png,93
02681.png,17
17499.png,59
17194.png,27
10349.png,65
12113.png,78
08787.png,27
13561.png,59
06800.png,30
16039.png,38
05877.png,89
13229.png,17
17059.png,57
05000.png,0
10362.png,27
04098.png,93
18959.png,23
02627.png,27
02376.png,78
07787.png,27
14893.png,28
11463.png,61
04718.png,18
08293.png,89
02475.png,73
05013.png,12
11562.png,27
05213.png,13
17354.png,63
06879.png,81
09030.png,30
06668.png,17
07477.png,27
05822.png,27
18812.png,81
05675.png,31
19795.png,81
00936.png,93
00748.png,27
19779.png,78
08734.png,27
02834.png,27
07985.png,83
14114.png,27
14788.png,85
11060.png,24
11249.png,49
00547.png,47
02386.png,23
13389.png,81
04116.png,16
12986.png,68
15534.png,81
07383.png,81
01986.png,84
08943.png,43
05535.png,77
00507.png,68
18147.png,47
00797.png,28
16141.png,81
13941.png,81
13671.png,88
02524.png,24
03930.png,30
02127.png,67
13364.png,62
10815.png,73
01063.png,94
14403.png,84
02797.png,12
17995.png,91
01303.png,84
19921.png,21
12907.png,7
00616.png,0
08075.png,27
10541.png,27
02490.png,38
01095.png,81
05339.png,21
10629.png,27
02759.png,57
11143.png,43
13603.png,84
04377.png,81
16113.png,64
03324.png,62
15335.png,81
17184.png,38
17755.png,27
16572.png,27
06707.png,38
17551.png,85
06626.png,27
06012.png,70
13506.png,6
19122.png,53
00670.png,68
06026.png,27
16773.png,71
18410.png,68
05662.png,9
00473.png,71
11440.png,40
03217.png,17
14820.png,87
16564.png,58
06473.png,27
11888.png,81
15649.png,27
00375.png,85
03115.png,27
05572.png,70
13454.png,22
07615.png,27
00426.png,17
08660.png,58
17687.png,27
13884.png,84
12889.png,81
15450.png,38
05712.png,27
08583.png,81
05228.png,28
11239.png,7
16347.png,47
14865.png,27
12864.png,68
17233.png,65
15588.png,85
16679.png,78
14883.png,81
15371.png,69
16902.png,2
00411.png,27
13275.png,65
05556.png,42
19277.png,81
13040.png,81
04043.png,43
17898.png,94
04425.png,27
12846.png,76
10363.png,58
03503.png,58
05588.png,85
01165.png,68
16809.png,27
07748.png,58
05871.png,59
03590.png,28
06151.png,27
13830.png,30
04695.png,81
01996.png,32
03117.png,17
17453.png,38
12357.png,55
17570.png,68
15714.png,59
16376.png,67
00192.png,27
06779.png,32
09054.png,68
12004.png,4
14386.png,84
06522.png,22
09486.png,84
11287.png,27
10231.png,17
05560.png,27
00420.png,20
02646.png,46
11449.png,75
01601.png,1
09100.png,38
05058.png,56
02027.png,27
03964.png,62
12788.png,77
12874.png,27
10437.png,27
06211.png,68
06264.png,9
05471.png,38
05233.png,33
17309.png,57
17399.png,69
16215.png,27
16367.png,65
02177.png,81
12191.png,87
18946.png,57
04311.png,31
16290.png,57
10606.png,38
09064.png,62
16148.png,27
12718.png,32
17201.png,20
15401.png,67
18445.png,38
17276.png,27
05423.png,23
15470.png,86
16808.png,84
10769.png,85
11213.png,13
04499.png,44
08317.png,17
17332.png,27
17750.png,27
19681.png,79
17623.png,58
10136.png,93
18201.png,27
17402.png,2
10344.png,44
12334.png,34
04296.png,76
02618.png,76
14934.png,81
13580.png,78
08753.png,38
01914.png,58
11595.png,81
12751.png,27
00223.png,2
11408.png,24
07784.png,79
00494.png,77
08608.png,27
03939.png,38
07360.png,27
12977.png,27
15810.png,68
10377.png,85
04909.png,57
14034.png,27
13619.png,7
11710.png,10
07850.png,58
01285.png,82
10869.png,27
15806.png,38
06438.png,68
08573.png,71
01066.png,46
03069.png,27
00047.png,93
07196.png,27
03030.png,30
04037.png,7
18023.png,23
08733.png,93
12436.png,89
07095.png,81
01477.png,17
02058.png,56
17149.png,30
19502.png,27
13193.png,76
04011.png,32
08613.png,13
16836.png,18
01152.png,24
03802.png,2
09778.png,31
10981.png,27
18231.png,73
13806.png,38
05957.png,38
03112.png,12
12552.png,27
06981.png,79
12749.png,73
15077.png,34
16684.png,82
02245.png,44
11167.png,65
05203.png,71
07728.png,28
18411.png,27
18960.png,58
05611.png,17
13636.png,94
11135.png,81
13069.png,67
07411.png,18
12473.png,81
06390.png,30
17561.png,59
09793.png,77
01251.png,27
13365.png,27
04393.png,89
11470.png,68
03560.png,27
15459.png,2
16082.png,27
16625.png,25
12520.png,20
11126.png,27
06545.png,27
18290.png,69
19920.png,21
06835.png,81
17379.png,77
12427.png,27
05923.png,23
15389.png,81
14533.png,93
03394.png,27
17522.png,71
00656.png,43
19491.png,38
14017.png,17
15640.png,27
13320.png,20
05321.png,21
17157.png,94
03166.png,28
17347.png,47
07253.png,43
05990.png,30
14311.png,24
12604.png,4
04549.png,27
16581.png,27
14766.png,31
05704.png,4
11864.png,24
06010.png,83
03054.png,85
06913.png,93
18004.png,81
12192.png,18
04723.png,23
10921.png,21
12623.png,23
06392.png,27
13057.png,20
16320.png,20
15984.png,82
15500.png,78
05178.png,76
03668.png,66
06832.png,27
09682.png,27
08303.png,27
16477.png,75
19043.png,38
01013.png,13
05209.png,27
09145.png,27
11891.png,87
18799.png,84
16700.png,38
07047.png,47
08885.png,27
05152.png,27
00496.png,58
12330.png,30
13118.png,18
11855.png,27
13046.png,77
04076.png,38
14282.png,81
15580.png,78
06854.png,68
08219.png,18
02820.png,20
19437.png,27
02497.png,28
03996.png,23
09666.png,27
06307.png,38
10041.png,81
04326.png,27
06851.png,51
01326.png,27
01731.png,17
15316.png,16
03173.png,71
02195.png,81
13571.png,38
19468.png,66
17728.png,28
09612.png,12
14050.png,93
19792.png,27
03482.png,27
00736.png,67
17886.png,30
05910.png,27
04244.png,44
10748.png,27
00655.png,77
19662.png,65
12244.png,44
01650.png,73
18206.png,38
04294.png,77
03804.png,5
08442.png,42
08131.png,68
03672.png,70
17290.png,38
06602.png,2
04508.png,27
03421.png,21
03007.png,17
14320.png,59
09194.png,9
07703.png,84
04502.png,59
11524.png,84
13604.png,4
10983.png,81
00729.png,27
01126.png,27
19862.png,24
14598.png,93
10715.png,58
10452.png,73
18807.png,38
14753.png,27
07143.png,43
17322.png,22
16663.png,25
10086.png,84
16216.png,27
02988.png,85
02084.png,27
01333.png,33
18109.png,9
17613.png,12
19252.png,38
06011.png,17
08287.png,27
11646.png,67
08235.png,81
06627.png,27
04864.png,25
18606.png,38
18189.png,81
07079.png,77
14421.png,21
07429.png,85
04890.png,31
15605.png,62
00217.png,17
12635.png,34
13843.png,43
02973.png,70
11251.png,51
10693.png,27
18163.png,62
02939.png,38
03056.png,94
15484.png,89
01194.png,81
07885.png,10
08754.png,79
05521.png,21
08344.png,44
02095.png,27
14706.png,38
02666.png,27
11555.png,27
03160.png,27
09123.png,23
11523.png,23
00039.png,38
10093.png,89
02589.png,81
06037.png,43
00805.png,5
17193.png,77
12095.png,81
19234.png,17
15741.png,41
13239.png,38
03797.png,93
12404.png,4
07911.png,17
14835.png,27
00172.png,70
00956.png,93
16034.png,34
09165.png,63
19744.png,27
17635.png,81
07386.png,84
16853.png,23
08863.png,84
18321.png,21
15579.png,77
00118.png,18
06158.png,45
12675.png,27
18382.png,34
07100.png,15
19826.png,27
15508.png,9
03527.png,27
10282.png,27
09349.png,27
14852.png,27
15889.png,81
11578.png,77
14240.png,27
01416.png,27
19501.png,18
06271.png,69
08119.png,63
18911.png,27
03409.png,84
08002.png,17
07835.png,81
08258.png,27
05301.png,77
19242.png,42
13797.png,93
09319.png,38
03992.png,27
16434.png,27
06460.png,27
07164.png,58
15956.png,38
19924.png,27
14632.png,89
05393.png,93
14122.png,22
13938.png,38
08564.png,27
15132.png,76
15346.png,67
12470.png,68
05330.png,30
10793.png,18
07312.png,79
01808.png,9
11161.png,59
14582.png,81
03827.png,27
13026.png,67
10291.png,21
09786.png,84
11494.png,81
15302.png,84
14775.png,27
13956.png,27
10269.png,27
00308.png,62
13116.png,7
10439.png,76
03357.png,38
07015.png,27
07632.png,79
05586.png,62
02488.png,83
01644.png,45
16289.png,27
03294.png,81
06679.png,76
14778.png,76
11439.png,73
02200.png,94
08526.png,73
10874.png,27
01497.png,93
00130.png,30
19741.png,41
05267.png,65
15817.png,17
05762.png,27
07362.png,27
05782.png,17
16114.png,27
13485.png,83
19461.png,20
00162.png,25
06687.png,27
09246.png,81
02574.png,27
00658.png,59
11948.png,27
09470.png,68
03969.png,67
03068.png,17
12714.png,58
04589.png,27
18972.png,70
18538.png,38
15061.png,20
03226.png,27
07075.png,17
04613.png,64
01682.png,27
06483.png,81
04275.png,17
11758.png,22
14321.png,21
11570.png,68
15260.png,27
08785.png,81
00675.png,73
13675.png,73
00795.png,81
14974.png,27
17183.png,81
15073.png,71
13698.png,93
04852.png,38
04441.png,78
09383.png,81
18148.png,58
18133.png,27
08478.png,81
16099.png,30
17363.png,24
03627.png,27
19859.png,57
13007.png,38
08944.png,44
03198.png,94
09357.png,93
09323.png,23
16212.png,12
14448.png,27
17351.png,81
11901.png,27
04853.png,38
04629.png,27
16030.png,30
07881.png,27
10085.png,27
18223.png,23
15444.png,20
17582.png,27
11227.png,27
14919.png,13
03548.png,58
09877.png,81
00487.png,27
00594.png,77
14988.png,85
04803.png,58
01225.png,25
12685.png,58
07565.png,38
02372.png,70
14020.png,38
03610.png,27
12634.png,27
09197.png,13
16569.png,18
16440.png,89
13755.png,27
08751.png,27
11702.png,69
16285.png,83
08127.png,27
15280.png,78
16518.png,25
18933.png,31
14203.png,22
08834.png,34
15103.png,70
10202.png,2
14245.png,38
13954.png,27
04984.png,28
03641.png,77
08006.png,38
16353.png,38
10840.png,12
03205.png,5
09392.png,88
12893.png,76
19539.png,38
01485.png,27
03909.png,9
02633.png,33
18735.png,27
00415.png,27
03309.png,27
11154.png,27
11853.png,38
16575.png,73
16185.png,83
10516.png,7
10680.png,76
14751.png,27
07558.png,38
08521.png,21
12737.png,27
16211.png,68
02843.png,38
15216.png,27
06197.png,93
08967.png,65
08730.png,30
17532.png,83
18330.png,22
01600.png,84
06689.png,27
00018.png,18
10308.png,27
09863.png,30
11879.png,76
00374.png,27
14630.png,30
01081.png,79
12218.png,76
08321.png,21
03458.png,42
11962.png,27
16110.png,12
08073.png,27
13983.png,81
16496.png,17
14685.png,18
09370.png,17
08794.png,27
12127.png,27
03197.png,93
16988.png,85
10339.png,76
11858.png,56
19288.png,85
17757.png,69
08336.png,27
02896.png,27
05240.png,40
16152.png,38
03422.png,83
04286.png,84
04819.png,38
01433.png,27
00709.png,62
03435.png,84
11776.png,0
14068.png,27
05518.png,18
12410.png,68
17480.png,17
09399.png,25
17701.png,27
15989.png,81
07433.png,27
00055.png,27
19832.png,65
08655.png,14
02536.png,5
10039.png,38
01725.png,27
09488.png,85
10626.png,73
00440.png,27
08884.png,58
04678.png,77
12396.png,27
04649.png,62
18718.png,67
10966.png,64
19870.png,17
04858.png,38
00781.png,27
04216.png,16
02504.png,4
04237.png,18
06680.png,78
03763.png,61
18861.png,59
07819.png,85
07024.png,24
19848.png,72
03870.png,68
02244.png,44
05268.png,66
02243.png,43
14888.png,85
13150.png,58
00320.png,20
05926.png,27
16462.png,65
02285.png,83
13357.png,55
11538.png,30
18199.png,38
01394.png,27
00772.png,70
10813.png,27
03543.png,43
13170.png,68
04694.png,27
05703.png,27
06044.png,38
12299.png,84
04020.png,20
16360.png,62
04566.png,76
08011.png,11
05858.png,38
09915.png,31
06693.png,27
07756.png,23
12154.png,62
02514.png,24
09414.png,14
10873.png,70
06431.png,73
07406.png,38
13556.png,54
12829.png,17
06253.png,38
13474.png,73
09352.png,38
04344.png,44
07709.png,27
05810.png,10
08519.png,68
01252.png,27
08593.png,18
09502.png,84
03301.png,31
03194.png,77
12390.png,23
09179.png,77
03953.png,38
18412.png,12
16854.png,27
11813.png,38
10177.png,75
03633.png,93
01827.png,27
13524.png,68
15183.png,81
10821.png,21
14695.png,34
04523.png,23
17962.png,45
17269.png,67
16914.png,45
09204.png,4
05697.png,94
06605.png,81
07077.png,81
19965.png,27
12264.png,58
01268.png,17
17340.png,31
13234.png,27
08487.png,27
09299.png,44
15611.png,22
18446.png,46
10504.png,4
02094.png,84
15667.png,65
17482.png,27
14195.png,77
15689.png,81
04140.png,81
00858.png,44
01939.png,63
19311.png,11
16685.png,81
06140.png,27
16906.png,38
10726.png,27
00294.png,27
18311.png,17
03430.png,30
07332.png,17
13169.png,27
11623.png,10
07086.png,30
13775.png,27
01330.png,68
02871.png,69
17191.png,42
00752.png,38
13514.png,61
11629.png,62
11970.png,27
12854.png,27
16438.png,38
00466.png,64
15637.png,77
02413.png,93
17659.png,68
04359.png,57
03618.png,18
12707.png,7
04429.png,27
18390.png,23
14364.png,68
16448.png,27
14401.png,27
03393.png,89
13331.png,31
09366.png,27
00098.png,28
16774.png,79
17297.png,93
08323.png,23
12242.png,45
09075.png,27
06212.png,12
02038.png,6
17702.png,2
11594.png,81
12146.png,27
10010.png,31
17470.png,68
09201.png,27
19251.png,85
18724.png,27
15847.png,93
15693.png,89
06574.png,72
12379.png,27
02023.png,38
18059.png,43
01976.png,74
02886.png,30
06409.png,68
08797.png,93
17828.png,28
09031.png,17
06873.png,70
01035.png,66
16614.png,7
07252.png,27
03241.png,41
06726.png,27
18280.png,79
15892.png,88
05084.png,28
10409.png,27
13739.png,42
08153.png,27
14887.png,27
15311.png,27
05831.png,31
07090.png,38
18484.png,94
10279.png,91
18852.png,18
06175.png,65
15361.png,59
12196.png,27
07978.png,32
14526.png,27
15062.png,27
14637.png,27
19179.png,77
11942.png,69
19432.png,76
08076.png,43
15948.png,70
07378.png,32
16724.png,27
05964.png,58
00313.png,12
19072.png,70
03713.png,83
12522.png,83
03948.png,31
13457.png,54
19819.png,38
06580.png,78
12941.png,41
02468.png,18
07621.png,21
15577.png,27
07940.png,64
00152.png,27
02309.png,89
10634.png,27
01180.png,78
06444.png,44
00645.png,58
01258.png,38
07181.png,79
12325.png,27
08786.png,27
11360.png,58
17810.png,27
15771.png,69
15119.png,22
01372.png,70
09337.png,27
12896.png,17
17602.png,30
03601.png,41
19929.png,63
07556.png,38
16443.png,43
18164.png,62
14628.png,28
03513.png,13
13121.png,21
16522.png,84
18096.png,27
00073.png,70
15455.png,27
09522.png,13
07516.png,38
10478.png,77
10711.png,66
00588.png,85
00384.png,79
14227.png,27
17578.png,76
12141.png,68
12862.png,68
01311.png,84
02720.png,20
04620.png,20
13469.png,27
07389.png,81
08108.png,0
00996.png,58
12837.png,76
12165.png,24
11978.png,76
02634.png,27
07583.png,81
05173.png,71
04633.png,17
12928.png,28
17033.png,65
00987.png,27
16886.png,30
13379.png,81
09806.png,38
18785.png,10
14884.png,32
00004.png,36
17405.png,5
17243.png,43
17706.png,59
16584.png,78
06435.png,81
18731.png,31
05585.png,83
19517.png,17
11105.png,17
11951.png,27
17837.png,27
09725.png,68
05277.png,81
17123.png,23
19737.png,67
11415.png,31
08450.png,44
08510.png,10
03048.png,27
08165.png,38
14118.png,13
18389.png,81
16335.png,81
02710.png,24
05565.png,27
16998.png,94
14409.png,27
15718.png,76
15109.png,31
13316.png,16
13532.png,65
14648.png,63
18114.png,14
15019.png,78
19963.png,76
05610.png,10
18203.png,27
15681.png,79
00649.png,27
17151.png,27
15325.png,27
00871.png,69
13773.png,70
04855.png,27
07528.png,28
17127.png,85
07597.png,93
09826.png,27
10974.png,53
03026.png,25
08250.png,70
09670.png,27
16267.png,31
03876.png,42
07847.png,75
07283.png,81
01087.png,27
04832.png,76
16543.png,43
17021.png,21
02474.png,27
18274.png,32
19376.png,27
06922.png,84
05038.png,38
05524.png,24
12530.png,30
03897.png,4
00532.png,27
17278.png,76
19574.png,0
14735.png,77
16121.png,21
00750.png,27
19853.png,30
04625.png,25
12510.png,78
08358.png,38
13078.png,76
19753.png,30
16674.png,23
17870.png,68
10049.png,27
01160.png,27
06796.png,78
12488.png,85
17745.png,45
18031.png,68
00273.png,81
01640.png,81
17486.png,84
02776.png,27
15358.png,44
09048.png,27
05654.png,27
01047.png,47
10443.png,38
06176.png,27
13994.png,27
13832.png,27
04153.png,23
08121.png,21
07387.png,27
13792.png,27
19319.png,93
01503.png,27
17577.png,75
15614.png,59
05983.png,81
09405.png,93
19652.png,73
16831.png,31
02734.png,81
18247.png,12
00250.png,6
11397.png,93
12365.png,63
08860.png,89
18453.png,38
14785.png,83
02308.png,84
00690.png,2
07004.png,4
17346.png,81
18844.png,44
10311.png,17
01850.png,10
17548.png,27
00175.png,67
17915.png,27
01854.png,30
18337.png,5
01913.png,58
10918.png,68
00991.png,38
04702.png,69
05520.png,20
05538.png,38
03108.png,62
15917.png,17
06776.png,81
06423.png,53
03150.png,27
06862.png,27
07636.png,8
16452.png,73
04763.png,58
12991.png,87
19703.png,58
11248.png,27
12493.png,89
12709.png,58
15623.png,23
14789.png,27
07928.png,28
12951.png,27
11664.png,25
17310.png,94
02207.png,38
03836.png,27
07673.png,70
12429.png,27
00728.png,28
03292.png,27
19389.png,27
14579.png,77
06222.png,30
12012.png,12
16611.png,59
07138.png,38
03887.png,27
17216.png,38
11321.png,21
19091.png,87
19620.png,93
01674.png,27
00293.png,89
16147.png,76
16205.png,93
04592.png,27
10717.png,17
16738.png,38
15128.png,28
14016.png,16
12507.png,7
11144.png,44
14995.png,81
06847.png,85
15043.png,43
14443.png,43
05054.png,68
02319.png,38
07948.png,27
04865.png,27
06547.png,2
13643.png,43
08229.png,27
13340.png,27
13796.png,17
00572.png,70
04990.png,43
16788.png,85
04729.png,27
17044.png,54
11533.png,17
04703.png,84
16762.png,27
01136.png,27
02233.png,33
14263.png,28
00570.png,17
18316.png,38
12418.png,27
07576.png,81
05508.png,0
00391.png,38
19916.png,27
10047.png,78
02608.png,76
19785.png,27
05616.png,57
16377.png,27
12184.png,27
14886.png,27
06293.png,89
07366.png,31
19368.png,17
16408.png,9
18103.png,27
15799.png,59
05773.png,70
13921.png,21
12373.png,71
09184.png,76
15893.png,14
10936.png,55
19332.png,17
17511.png,84
03276.png,14
06202.png,27
11768.png,31
12630.png,30
02837.png,27
13547.png,5
05133.png,93
09133.png,33
08647.png,47
17510.png,57
06831.png,31
16566.png,27
16053.png,79
04267.png,32
10173.png,71
04090.png,38
05197.png,93
14111.png,11
08546.png,58
06682.png,27
07027.png,27
09060.png,27
06463.png,45
02361.png,0
00220.png,20
17876.png,41
08141.png,79
16427.png,27
16318.png,17
01101.png,79
13590.png,94
12674.png,27
02697.png,4
08267.png,27
11789.png,81
10508.png,27
04503.png,27
04172.png,70
05379.png,77
17461.png,59
13751.png,51
08238.png,24
17643.png,43
02875.png,17
01735.png,77
07737.png,27
09325.png,27
04913.png,30
17203.png,81
09973.png,71
03498.png,30
13228.png,22
10491.png,87
02687.png,27
00975.png,27
00995.png,27
01049.png,65
17584.png,31
06074.png,92
14343.png,43
05772.png,70
06281.png,79
03812.png,13
17595.png,27
00282.png,81
18153.png,25
00399.png,27
07953.png,38
06153.png,38
00947.png,76
03673.png,71
05997.png,93
06521.png,21
17678.png,17
13041.png,76
10985.png,31
06092.png,27
04698.png,94
06698.png,69
12156.png,64
15126.png,27
14549.png,27
08240.png,27
00212.png,27
08470.png,32
16020.png,21
06823.png,38
15205.png,27
05743.png,38
01025.png,68
05129.png,17
16194.png,27
19611.png,79
18667.png,65
02868.png,17
19549.png,49
05443.png,43
17744.png,44
14845.png,38
11862.png,27
15873.png,70
18941.png,81
07725.png,27
15382.png,81
08266.png,64
03449.png,27
06128.png,28
04022.png,20
16228.png,28
19151.png,81
00234.png,81
11649.png,20
09728.png,28
15516.png,38
04060.png,24
04056.png,21
06529.png,27
12683.png,81
18046.png,17
04319.png,38
18754.png,10
13948.png,3
06781.png,18
02387.png,27
01743.png,43
19205.png,77
02457.png,94
01802.png,57
18489.png,81
03516.png,17
01565.png,84
05062.png,81
09269.png,27
03666.png,89
05630.png,30
04510.png,27
16557.png,93
13748.png,27
05070.png,24
17601.png,27
07944.png,38
04779.png,79
08955.png,27
02635.png,81
12076.png,81
01819.png,67
09734.png,81
06937.png,77
19005.png,4
12494.png,81
02336.png,68
10490.png,30
12512.png,31
01104.png,4
18528.png,28
18198.png,28
08959.png,31
19565.png,27
00778.png,76
16435.png,81
14933.png,81
14084.png,46
09946.png,89
03751.png,51
02810.png,27
00758.png,42
19882.png,27
08124.png,24
04257.png,55
18296.png,12
04188.png,85
18170.png,68
08750.png,27
11785.png,81
11949.png,49
01522.png,71
19456.png,10
12563.png,24
16862.png,27
00638.png,38
19212.png,12
10263.png,24
04065.png,24
03792.png,69
00755.png,27
08533.png,76
00235.png,27
08804.png,75
18324.png,57
10992.png,38
17523.png,38
18293.png,89
01583.png,81
11258.png,44
11086.png,62
09134.png,81
18105.png,27
05088.png,81
14998.png,94
04235.png,81
05261.png,38
07457.png,57
18112.png,12
09106.png,38
17439.png,38
07458.png,45
07909.png,73
19807.png,68
05971.png,68
18476.png,27
18369.png,67
16206.png,30
03705.png,5
18515.png,68
13152.png,38
19086.png,19
13501.png,67
17376.png,56
09868.png,65
17960.png,58
18022.png,30
13581.png,79
15099.png,59
03236.png,61
06041.png,89
04474.png,72
00123.png,23
12860.png,25
14891.png,38
01892.png,17
03591.png,38
05326.png,27
16690.png,68
02576.png,58
05052.png,30
00026.png,68
05889.png,81
13837.png,27
02609.png,9
00158.png,44
10412.png,12
00927.png,27
14065.png,27
00502.png,68
00544.png,38
03920.png,20
15392.png,73
02969.png,67
00017.png,17
05432.png,31
07481.png,79
16671.png,69
02435.png,81
08300.png,53
18193.png,89
10831.png,31
05005.png,77
02760.png,84
07291.png,87
03135.png,81
04547.png,34
00079.png,91
08444.png,27
10535.png,81
13076.png,87
04985.png,83
02749.png,27
04005.png,77
12812.png,12
10274.png,73
10498.png,28
07265.png,25
05873.png,71
00923.png,38
19378.png,76
02732.png,27
13629.png,63
15854.png,27
03741.png,65
19111.png,27
10417.png,17
18585.png,9
09852.png,38
08710.png,9
04131.png,27
13738.png,43
00254.png,53
05931.png,31
00969.png,18
17849.png,27
11981.png,79
01117.png,17
09704.png,81
04215.png,68
08345.png,30
08256.png,94
11437.png,89
10148.png,58
04302.png,30
17614.png,38
16080.png,27
01120.png,21
07979.png,89
19087.png,27
05018.png,73
15931.png,78
17416.png,16
11791.png,43
11200.png,24
06511.png,27
10040.png,41
07345.png,27
08493.png,89
02198.png,28
18376.png,44
05447.png,31
00443.png,43
16472.png,70
19157.png,44
19840.png,69
01509.png,9
19797.png,93
08574.png,25
06980.png,81
03230.png,30
13252.png,27
00211.png,24
12580.png,85
11695.png,27
05763.png,24
11643.png,43
02690.png,0
10220.png,58
05789.png,81
11017.png,17
01656.png,30
19055.png,27
11615.png,58
09207.png,68
14379.png,77
10420.png,20
08324.png,27
17045.png,27
04915.png,27
12495.png,27
11686.png,22
02706.png,6
09019.png,7
16067.png,27
16396.png,58
09087.png,27
17496.png,25
00003.png,27
04387.png,27
10146.png,76
08981.png,76
12747.png,47
16574.png,27
05335.png,81
04206.png,59
14558.png,56
12086.png,27
01604.png,4
12288.png,85
16907.png,38
03775.png,18
16602.png,2
03018.png,18
07754.png,53
14291.png,38
18759.png,57
04479.png,27
11526.png,17
04173.png,70
09547.png,93
13167.png,89
12187.png,27
16800.png,27
14910.png,57
01175.png,27
07155.png,27
19255.png,85
17779.png,91
17353.png,38
00626.png,65
19634.png,34
01114.png,38
07507.png,38
05446.png,46
12980.png,31
15152.png,22
14530.png,27
00759.png,84
01371.png,69
06029.png,27
08663.png,58
03427.png,27
09018.png,18
04127.png,27
19894.png,27
11228.png,28
05735.png,27
07215.png,24
16866.png,64
00633.png,65
11817.png,17
08040.png,40
14127.png,27
13820.png,21
05793.png,89
10698.png,20
00167.png,27
07749.png,27
13595.png,81
16256.png,23
00953.png,38
05311.png,17
05103.png,3
15416.png,27
12097.png,93
04370.png,68
03783.png,27
04782.png,77
15986.png,84
04647.png,47
10677.png,75
19514.png,27
16642.png,23
14149.png,49
07753.png,23
09274.png,27
16088.png,85
01720.png,21
04176.png,6
03823.png,23
17903.png,27
16063.png,61
08491.png,87
11857.png,94
17814.png,27
15442.png,69
16150.png,47
13324.png,24
11367.png,27
07888.png,81
00819.png,79
04796.png,76
02636.png,88
17528.png,27
05939.png,38
02963.png,89
07493.png,27
05155.png,27
17802.png,69
13424.png,63
06122.png,22
15342.png,24
06494.png,27
09585.png,83
17158.png,44
12161.png,69
04982.png,27
09235.png,81
17520.png,20
06766.png,64
11058.png,56
18928.png,28
03542.png,42
02552.png,18
04969.png,67
02659.png,57
06989.png,81
00934.png,81
10304.png,93
12247.png,47
15869.png,67
03999.png,30
07221.png,21
06480.png,27
14541.png,81
18529.png,62
05651.png,27
14826.png,27
01233.png,93
11964.png,27
06356.png,54
16506.png,38
05794.png,27
18037.png,89
13666.png,32
14264.png,84
07354.png,57
11668.png,17
10967.png,27
12753.png,68
00243.png,87
00676.png,21
19031.png,31
19454.png,27
02370.png,27
08494.png,27
17758.png,59
05192.png,88
12228.png,28
16955.png,27
07255.png,27
19384.png,82
12448.png,73
04583.png,81
18721.png,21
12109.png,76
11434.png,81
17049.png,31
15425.png,27
05283.png,81
09930.png,30
01347.png,5
19425.png,25
12007.png,17
09570.png,32
05026.png,27
17658.png,14
16134.png,27
00719.png,19
06588.png,85
12080.png,27
08547.png,47
03656.png,38
18079.png,77
16167.png,76
14174.png,27
10477.png,27
11233.png,93
17039.png,85
07766.png,64
03798.png,2
14266.png,46
13466.png,64
03966.png,31
18249.png,81
02940.png,81
05411.png,68
19196.png,27
17933.png,33
18401.png,27
13191.png,87
03715.png,27
07536.png,94
19850.png,13
13893.png,58
18773.png,70
13255.png,27
02455.png,81
05462.png,27
02462.png,58
07194.png,81
01344.png,44
02284.png,27
15724.png,24
11263.png,12
05860.png,27
01789.png,81
05008.png,27
19448.png,27
00197.png,93
09276.png,27
08653.png,38
07259.png,57
15261.png,59
13207.png,7
10442.png,56
10767.png,27
08854.png,53
14734.png,81
18855.png,27
19805.png,85
10738.png,38
07935.png,34
14183.png,81
13334.png,27
18934.png,34
07184.png,79
00317.png,17
03154.png,27
11820.png,56
16485.png,38
11069.png,27
05589.png,81
00389.png,81
04630.png,30
17560.png,62
15657.png,55
19481.png,78
18829.png,27
03528.png,28
08628.png,28
18743.png,21
07796.png,68
17384.png,27
16695.png,27
08855.png,27
06374.png,27
03554.png,84
01851.png,51
17011.png,27
01288.png,85
02888.png,81
18002.png,2
01794.png,18
04805.png,4
09339.png,38
15322.png,58
01345.png,20
12397.png,93
15187.png,27
13493.png,27
11488.png,81
09680.png,66
17472.png,70
14171.png,69
10145.png,45
13394.png,27
18514.png,27
09264.png,27
13269.png,76
10520.png,20
16315.png,27
19541.png,81
04494.png,27
00892.png,88
15843.png,43
13461.png,16
03304.png,60
06903.png,70
11025.png,27
13373.png,70
14053.png,43
01168.png,17
08954.png,27
00038.png,38
15022.png,9
06897.png,93
15333.png,27
09918.png,64
16850.png,85
16231.png,32
00225.png,27
11485.png,83
01062.png,27
17256.png,94
15930.png,30
19754.png,53
03536.png,28
12852.png,27
02344.png,44
01928.png,89
18361.png,28
18009.png,9
12317.png,17
02676.png,27
19415.png,27
07912.png,76
13875.png,31
09887.png,27
17086.png,24
18599.png,57
18544.png,21
18116.png,38
17465.png,27
04524.png,27
18527.png,27
10596.png,93
15092.png,67
00826.png,27
06345.png,20
13143.png,38
18548.png,27
00495.png,91
16759.png,28
01811.png,68
07171.png,69
13497.png,28
01255.png,27
06837.png,17
00628.png,28
02282.png,81
16787.png,27
15269.png,18
03504.png,21
04210.png,27
18949.png,27
03495.png,27
14371.png,69
02637.png,17
02469.png,67
13517.png,17
11222.png,22
03102.png,2
06539.png,38
00477.png,27
18888.png,85
01004.png,5
14864.png,58
19119.png,27
04949.png,27
08643.png,43
06457.png,30
07733.png,65
13019.png,38
19046.png,77
01548.png,27
19420.png,59
06898.png,28
03767.png,27
14110.png,94
19726.png,27
12793.png,89
11224.png,24
14285.png,27
04256.png,44
01206.png,18
14405.png,75
15788.png,85
18417.png,17
13943.png,43
07788.png,85
03896.png,27
07136.png,27
08125.png,27
07130.png,30
03753.png,27
18640.png,69
09132.png,18
15108.png,89
06674.png,27
09531.png,17
04654.png,9
03046.png,89
19987.png,27
05475.png,27
00388.png,81
13211.png,11
05397.png,93
07233.png,27
04515.png,58
14715.png,25
18127.png,27
05868.png,17
07348.png,27
16893.png,77
06003.png,22
09293.png,18
16458.png,44
09803.png,23
16545.png,44
06814.png,38
00327.png,27
10108.png,73
05870.png,31
04320.png,20
16005.png,33
17981.png,68
05850.png,85
16747.png,47
13146.png,46
13056.png,38
12650.png,23
11659.png,31
13597.png,93
08622.png,22
05361.png,59
10779.png,76
15811.png,17
02724.png,27
18645.png,2
10127.png,27
08598.png,86
13528.png,28
11419.png,85
11788.png,81
11621.png,21
03475.png,27
12099.png,25
11834.png,81
02699.png,45
19348.png,27
00529.png,70
18916.png,16
07005.png,4
13377.png,77
01688.png,85
08437.png,4
00994.png,27
11375.png,73
06899.png,25
00944.png,56
17544.png,56
15064.png,62
08578.png,77
06113.png,57
18898.png,28
15857.png,59
13317.png,17
00030.png,30
19465.png,27
08702.png,38
00912.png,93
13290.png,59
01308.png,58
17381.png,79
18927.png,27
03114.png,0
08417.png,17
05519.png,13
03704.png,5
01648.png,70
14286.png,30
13218.png,85
11184.png,83
19776.png,75
09261.png,59
02263.png,64
11147.png,76
17916.png,68
16782.png,27
08649.png,66
05513.png,13
11033.png,66
17593.png,73
08701.png,27
04989.png,81
17607.png,38
02900.png,38
07817.png,17
19799.png,19
02459.png,30
05467.png,81
06357.png,94
18659.png,59
17660.png,53
11807.png,68
11339.png,68
05398.png,28
18966.png,64
03630.png,30
14868.png,17
17539.png,69
09958.png,0
13384.png,76
15451.png,27
05236.png,67
13175.png,73
01859.png,24
10335.png,81
17676.png,40
01400.png,28
13037.png,92
07694.png,90
13545.png,38
13578.png,79
06617.png,17
13592.png,27
16804.png,5
13599.png,23
11976.png,27
04025.png,27
12821.png,21
09120.png,87
11542.png,42
17752.png,27
19453.png,86
02225.png,24
11734.png,34
06543.png,43
17385.png,53
17576.png,6
00694.png,27
00643.png,38
02255.png,67
15638.png,52
19581.png,79
17052.png,27
10317.png,17
06718.png,17
14636.png,27
07724.png,30
15230.png,27
17857.png,84
18931.png,31
18433.png,31
12291.png,87
07152.png,38
01124.png,14
01351.png,27
17786.png,27
03105.png,5
07934.png,27
19763.png,61
12639.png,38
02817.png,17
15954.png,27
06255.png,27
15379.png,76
19003.png,23
13857.png,30
19314.png,38
11286.png,30
17541.png,41
02910.png,17
11700.png,94
12538.png,38
17483.png,81
13392.png,88
09504.png,93
04682.png,34
01240.png,27
15436.png,93
15545.png,84
01994.png,77
06896.png,7
15241.png,81
03368.png,85
00573.png,23
03582.png,81
07460.png,27
00108.png,62
03756.png,54
19794.png,81
10669.png,67
10030.png,27
09565.png,63
16463.png,14
06343.png,43
04222.png,84
09340.png,30
03382.png,34
05820.png,0
00822.png,22
15866.png,13
06051.png,67
06908.png,53
03132.png,27
05341.png,81
17516.png,38
02647.png,47
02779.png,76
17831.png,31
04422.png,22
08749.png,27
05881.png,79
15575.png,27
08026.png,27
02446.png,76
03900.png,22
07729.png,27
14072.png,70
01544.png,44
06399.png,95
06797.png,93
01909.png,70
06988.png,85
17823.png,69
07873.png,71
06451.png,51
10672.png,70
08325.png,25
07485.png,83
00295.png,27
05731.png,31
00922.png,83
01061.png,59
08168.png,17
03899.png,30
00113.png,13
12792.png,27
02851.png,81
15735.png,81
11386.png,84
07456.png,47
06252.png,38
04239.png,38
12950.png,17
18215.png,62
06746.png,93
17130.png,30
09408.png,27
03592.png,27
03622.png,22
06813.png,93
02661.png,59
13768.png,17
15159.png,68
17968.png,66
14701.png,81
08538.png,38
05552.png,57
12840.png,57
16368.png,17
13064.png,62
08592.png,17
09647.png,31
04901.png,69
00245.png,45
06319.png,23
04560.png,58
18882.png,80
09587.png,27
01424.png,25
05020.png,59
02768.png,65
08777.png,27
04315.png,57
07865.png,58
08859.png,30
14010.png,10
14762.png,9
16526.png,27
03809.png,70
01747.png,76
09294.png,76
12998.png,28
19328.png,27
18159.png,24
02918.png,25
05888.png,85
16767.png,27
15356.png,54
11128.png,28
19885.png,27
09733.png,77
00221.png,21
16718.png,18
04975.png,73
03748.png,73
05122.png,22
15243.png,23
09883.png,23
14539.png,38
14538.png,38
13911.png,18
11540.png,81
11472.png,70
10639.png,24
15270.png,68
12785.png,83
05342.png,42
07054.png,27
04849.png,27
18680.png,27
11301.png,1
09874.png,79
08086.png,30
18353.png,54
14589.png,81
13867.png,65
18675.png,65
12430.png,30
09722.png,22
07400.png,30
06540.png,27
07061.png,69
00692.png,89
18794.png,89
16203.png,27
14856.png,38
18552.png,25
01221.png,21
02346.png,81
12152.png,30
00841.png,65
19684.png,27
04850.png,27
16970.png,27
15283.png,81
05705.png,17
07307.png,30
09090.png,38
13181.png,79
05387.png,27
14402.png,30
10887.png,27
01450.png,27
06108.png,31
12641.png,81
04587.png,27
09626.png,27
10618.png,18
19484.png,27
03974.png,27
07653.png,38
09991.png,87
13160.png,27
07886.png,30
04443.png,87
02548.png,27
06442.png,42
01166.png,64
12221.png,4
06017.png,76
07781.png,93
03944.png,44
03175.png,73
08735.png,81
13105.png,5
03100.png,38
10071.png,17
19475.png,27
04015.png,58
19214.png,78
01739.png,38
07257.png,54
05009.png,65
03980.png,76
13361.png,20
14783.png,27
03546.png,76
18495.png,67
11176.png,77
17790.png,30
16812.png,12
17409.png,9
05234.png,81
00698.png,57
02427.png,27
15011.png,68
01084.png,17
01405.png,30
03593.png,89
11458.png,38
16792.png,67
13353.png,31
09679.png,65
11104.png,4
17559.png,70
01494.png,81
05709.png,27
12115.png,68
02134.png,27
00093.png,89
18990.png,57
06082.png,27
07783.png,81
13710.png,86
14117.png,17
03103.png,70
00348.png,27
05300.png,38
14956.png,38
01665.png,27
15832.png,79
13783.png,81
19483.png,81
17115.png,27
08387.png,83
14384.png,78
06289.png,9
10114.png,27
08935.png,77
01700.png,68
13570.png,66
19187.png,77
06168.png,68
00899.png,95
15897.png,93
02414.png,45
08408.png,70
03676.png,27
07603.png,70
13991.png,38
15862.png,62
09004.png,4
14474.png,27
04938.png,27
13344.png,68
10884.png,22
00184.png,10
18064.png,62
02076.png,38
00112.png,12
09476.png,27
19906.png,6
11698.png,94
05042.png,38
16516.png,38
10745.png,30
03311.png,9
12447.png,31
11380.png,47
09036.png,27
00224.png,27
10233.png,33
00802.png,27
19342.png,42
19100.png,69
10835.png,81
06331.png,27
02330.png,27
07938.png,81
17739.png,83
04230.png,30
04696.png,27
10724.png,27
08773.png,23
08813.png,13
12174.png,1
18760.png,62
15804.png,33
12014.png,45
13097.png,93
05232.png,31
03215.png,27
06553.png,38
05370.png,17
01205.png,81
14741.png,41
06453.png,43
12666.png,64
01149.png,49
10987.png,27
05271.png,69
15454.png,27
03190.png,86
01080.png,78
18331.png,31
03496.png,89
07102.png,2
09190.png,57
08588.png,85
12849.png,27
18379.png,89
13591.png,21
09866.png,64
18026.png,27
01483.png,81
00905.png,27
15312.png,70
19346.png,76
02249.png,66
15890.png,57
11427.png,27
06962.png,58
00084.png,10
19357.png,44
19125.png,27
08247.png,27
04317.png,17
17313.png,13
03971.png,69
05403.png,84
12533.png,5
02340.png,27
02757.png,54
13294.png,27
07506.png,6
17186.png,30
05781.png,78
01111.png,68
00717.png,17
03825.png,78
18901.png,69
12956.png,87
19057.png,55
07981.png,25
12783.png,81
15836.png,81
08169.png,27
10689.png,81
13299.png,44
07896.png,17
08340.png,40
10189.png,81
18380.png,78
15259.png,83
08504.png,4
02266.png,31
18048.png,27
01499.png,95
06196.png,76
07062.png,62
06757.png,2
11477.png,85
00441.png,65
13434.png,27
13645.png,30
12527.png,27
09304.png,4
04033.png,11
05328.png,28
14322.png,70
00194.png,81
17485.png,83
06803.png,23
18575.png,25
00463.png,58
00481.png,79
16547.png,76
11163.png,28
16969.png,27
06977.png,85
00548.png,27
03441.png,20
18902.png,69
19755.png,27
04693.png,76
16456.png,54
13702.png,30
16260.png,84
17704.png,4
17780.png,93
12627.png,27
04430.png,30
18220.png,20
00705.png,93
01457.png,55
16720.png,20
00761.png,20
16570.png,17
04622.png,27
11728.png,28
09556.png,38
19145.png,58
03471.png,69
08426.png,27
16263.png,27
05118.png,27
11114.png,25
00634.png,34
08035.png,91
02423.png,23
05533.png,33
00020.png,20
06558.png,21
12401.png,27
18080.png,93
13713.png,70
04331.png,76
08458.png,44
07089.png,81
02678.png,77
16016.png,18
05906.png,6
11579.png,91
11968.png,65
17030.png,30
13992.png,27
15899.png,45
08327.png,27
02901.png,89
14176.png,27
04934.png,27
14987.png,27
08222.png,22
11744.png,44
00393.png,93
13977.png,58
14096.png,27
15090.png,59
02260.png,58
11428.png,28
18985.png,83
17012.png,12
03826.png,27
06999.png,30
15880.png,9
16730.png,30
04187.png,27
01707.png,38
11317.png,17
00298.png,47
01973.png,70
10663.png,58
03860.png,58
12386.png,24
07786.png,27
05778.png,76
07058.png,38
08671.png,69
05948.png,78
16129.png,30
11870.png,68
04961.png,59
06208.png,68
15009.png,61
01567.png,27
13913.png,93
06136.png,89
15424.png,24
15536.png,17
12954.png,53
17069.png,27
03525.png,25
05786.png,84
13098.png,57
10728.png,28
06142.png,73
11930.png,30
07646.png,77
04808.png,84
13929.png,27
04940.png,40
18088.png,85
08184.png,83
17247.png,93
06334.png,81
14599.png,27
13440.png,93
08642.png,42
18102.png,69
19265.png,27
14466.png,27
16130.png,30
15941.png,81
04594.png,84
01386.png,84
14486.png,27
00955.png,27
06233.png,32
09094.png,81
07157.png,28
10643.png,43
01005.png,93
16841.png,41
04621.png,21
09395.png,81
01861.png,69
03758.png,38
16771.png,69
18608.png,9
07746.png,9
09859.png,38
17723.png,23
00520.png,59
05958.png,21
06338.png,38
16920.png,20
02352.png,86
15418.png,18
08816.png,25
00800.png,25
15518.png,27
06216.png,27
02007.png,68
11655.png,27
07578.png,76
04487.png,27
02853.png,38
16250.png,27
01925.png,27
14165.png,25
05035.png,81
14797.png,93
04423.png,23
05245.png,62
12625.png,25
05421.png,21
09008.png,79
00558.png,56
19479.png,77
02704.png,4
12036.png,27
11276.png,81
18954.png,10
01972.png,70
06751.png,27
02694.png,27
06114.png,20
06219.png,38
14187.png,27
17784.png,79
02890.png,24
10650.png,93
06427.png,68
07369.png,67
15582.png,80
10065.png,25
09623.png,23
19593.png,89
15326.png,27
14366.png,31
08683.png,81
04465.png,27
02269.png,67
09899.png,44
18106.png,6
02383.png,81
09893.png,89
01385.png,23
13439.png,22
13045.png,30
01190.png,30
01290.png,57
03773.png,70
14571.png,69
08910.png,27
17426.png,27
07718.png,18
02465.png,27
07793.png,77
05502.png,69
12333.png,65
01691.png,21
07318.png,18
06556.png,38
08109.png,27
10037.png,27
06042.png,42
11445.png,45
15042.png,42
05904.png,4
15070.png,27
05854.png,31
12679.png,31
10823.png,38
11261.png,69
08922.png,22
15966.png,27
11707.png,7
15669.png,27
04421.png,21
13735.png,27
13677.png,27
04903.png,27
17650.png,7
04680.png,78
15397.png,93
15032.png,9
08811.png,24
13214.png,38
09014.png,38
08155.png,27
08700.png,89
11701.png,65
13944.png,38
13836.png,81
01762.png,24
04585.png,27
05823.png,23
17284.png,79
01907.png,65
09945.png,20
09825.png,27
07572.png,70
12399.png,95
13551.png,51
12936.png,27
01510.png,10
08098.png,28
13495.png,27
14417.png,17
05433.png,5
06152.png,16
03080.png,27
18422.png,30
06663.png,62
04299.png,27
18532.png,76
03375.png,17
19729.png,27
02598.png,94
00973.png,71
05309.png,62
03866.png,31
05464.png,27
12960.png,27
08614.png,24
17763.png,58
12055.png,27
03654.png,53
10359.png,30
17575.png,73
05400.png,23
17694.png,81
05428.png,28
00604.png,4
08120.png,20
17604.png,81
19650.png,93
00101.png,89
16595.png,27
01102.png,69
03619.png,81
06057.png,44
01944.png,44
11694.png,34
01449.png,40
06780.png,79
03657.png,94
04306.png,6
16486.png,27
19118.png,67
16478.png,76
09452.png,27
17631.png,9
01769.png,67
06139.png,38
17414.png,58
14804.png,4
02568.png,76
08196.png,31
01927.png,27
16380.png,79
11762.png,58
10838.png,38
15345.png,58
11580.png,78
15674.png,27
03466.png,76
07363.png,30
05517.png,17
14030.png,30
07892.png,27
02774.png,27
04087.png,27
07330.png,30
04071.png,69
01125.png,25
06298.png,13
13172.png,27
02279.png,77
00642.png,69
00911.png,17
06430.png,30
04939.png,74
06073.png,71
18366.png,64
02375.png,27
06659.png,83
14450.png,30
16847.png,47
19994.png,81
04567.png,76
19011.png,27
13601.png,27
11346.png,48
06736.png,27
15578.png,76
16983.png,81
19720.png,25
14012.png,12
00560.png,27
12743.png,38
14705.png,5
09603.png,3
02991.png,43
17769.png,67
01132.png,76
18475.png,27
13149.png,27
09673.png,71
15420.png,20
00179.png,77
06541.png,65
07375.png,73
16933.png,27
11804.png,4
11609.png,93
03693.png,89
00720.png,20
16815.png,31
18782.png,27
01899.png,27
06886.png,30
19032.png,89
10924.png,24
09521.png,21
00305.png,77
01441.png,93
02691.png,87
18621.png,21
05371.png,59
02735.png,91
02133.png,65
04490.png,27
10358.png,38
10188.png,85
06621.png,21
13360.png,68
00297.png,93
09507.png,7
04619.png,27
00603.png,84
11589.png,81
10816.png,16
01046.png,38
16057.png,59
05182.png,34
17864.png,30
14120.png,6
12920.png,0
02155.png,27
12411.png,18
10091.png,87
19609.png,62
11635.png,27
04531.png,31
10300.png,24
01744.png,44
09758.png,56
10163.png,58
01193.png,89
09632.png,17
05725.png,25
03903.png,58
12037.png,18
08928.png,28
06603.png,58
11712.png,61
02398.png,28
17718.png,18
18032.png,79
08534.png,81
08351.png,27
14669.png,76
00600.png,65
05816.png,27
02761.png,59
02264.png,73
05996.png,17
12266.png,65
18551.png,27
14367.png,65
08920.png,20
05113.png,27
12073.png,71
14905.png,77
00518.png,18
06786.png,22
09202.png,68
09579.png,77
08548.png,27
09309.png,9
06849.png,70
17685.png,83
07834.png,81
15943.png,43
02751.png,27
10007.png,38
03891.png,87
02793.png,27
01325.png,25
09635.png,91
17571.png,69
18814.png,14
08795.png,81
05595.png,81
07191.png,38
11295.png,27
15479.png,77
18175.png,73
15079.png,76
19562.png,17
02274.png,27
16779.png,77
02153.png,38
09282.png,34
01319.png,93
04843.png,21
06239.png,69
10973.png,70
01358.png,21
08761.png,16
08466.png,31
02156.png,44
04735.png,81
04497.png,93
16500.png,17
12913.png,13
11348.png,27
15928.png,28
00640.png,27
00121.png,21
17557.png,28
02937.png,27
16979.png,27
02715.png,27
05578.png,76
13555.png,27
13322.png,84
18176.png,74
05378.png,76
13646.png,46
05406.png,38
19656.png,38
15304.png,4
04804.png,5
14524.png,27
14748.png,27
19317.png,17
11911.png,27
09614.png,27
02367.png,65
07705.png,17
18208.png,27
01475.png,27
09061.png,59
15732.png,9
00647.png,5
14271.png,38
09714.png,27
08962.png,27
07699.png,95
18536.png,79
04781.png,78
19422.png,27
12102.png,2
15178.png,27
08994.png,77
12248.png,27
19603.png,58
10391.png,38
04739.png,42
00825.png,25
11308.png,84
03315.png,27
18398.png,28
12145.png,38
14472.png,71
14916.png,65
01033.png,93
09147.png,67
00540.png,17
05843.png,43
08853.png,38
08052.png,27
16834.png,81
08871.png,69
09020.png,38
00183.png,81
08326.png,27
04019.png,27
09538.png,64
02603.png,27
01382.png,27
14609.png,3
12962.png,30
09152.png,27
02984.png,27
13563.png,73
10959.png,57
14067.png,27
07025.png,27
19638.png,68
10661.png,59
17733.png,81
18539.png,42
19876.png,75
11777.png,81
19490.png,69
17647.png,93
14937.png,5
05024.png,24
09277.png,75
14993.png,93
01282.png,81
15087.png,27
18973.png,71
16275.png,85
18416.png,38
04150.png,81
03187.png,27
13263.png,27
00029.png,27
06586.png,84
06272.png,70
06382.png,81
18021.png,21
17116.png,17
00163.png,27
19141.png,40
12782.png,80
08866.png,68
16474.png,1
00523.png,23
19414.png,25
10330.png,30
16400.png,38
01597.png,93
12877.png,75
19889.png,81
12083.png,81
10507.png,7
16650.png,20
05385.png,27
01857.png,93
03219.png,12
05717.png,17
10061.png,59
07237.png,27
04955.png,27
08502.png,28
06720.png,20
08471.png,69
00437.png,27
10583.png,81
09487.png,58
01999.png,30
09928.png,28
07399.png,59
19935.png,81
04992.png,27
17041.png,71
10685.png,9
06690.png,86
03365.png,63
13325.png,25
02431.png,63
16001.png,27
14920.png,38
04086.png,70
16241.png,51
15370.png,68
10567.png,27
13850.png,89
09096.png,46
18067.png,65
01017.png,17
11687.png,27
12035.png,81
16445.png,2
02043.png,43
06081.png,12
05677.png,77
01487.png,27
18912.png,27
06661.png,59
10219.png,27
15940.png,72
06520.png,20
12220.png,20
15595.png,81
10149.png,27
17163.png,61
15905.png,4
01534.png,34
10261.png,45
13417.png,17
12804.png,81
11574.png,72
10153.png,86
06524.png,63
13395.png,34
17490.png,54
07074.png,27
17320.png,58
12492.png,27
19530.png,30
17229.png,27
01542.png,42
07166.png,11
11474.png,27
03755.png,27
09842.png,38
02558.png,21
03413.png,24
11078.png,85
08636.png,27
18456.png,38
10708.png,65
08717.png,17
06702.png,24
07720.png,20
16515.png,27
16007.png,7
14088.png,85
00646.png,77
18968.png,27
09790.png,86
06408.png,68
01672.png,70
03109.png,84
07144.png,27
11567.png,31
17249.png,31
09498.png,28
11581.png,78
00288.png,85
07936.png,76
01469.png,85
03561.png,45
13693.png,27
15803.png,70
16550.png,73
01613.png,13
00013.png,27
17187.png,27
08406.png,38
09490.png,68
12277.png,27
11993.png,89
05455.png,27
13703.png,84
17965.png,24
02371.png,38
05380.png,78
17953.png,27
14290.png,20
11364.png,84
07510.png,27
18221.png,21
04730.png,30
05905.png,93
09457.png,28
18729.png,27
15805.png,57
07529.png,27
01801.png,27
04091.png,38
05629.png,17
01842.png,38
15091.png,55
08179.png,76
10483.png,81
16753.png,42
18454.png,53
19803.png,84
07380.png,27
03099.png,27
14497.png,7
19654.png,27
15196.png,25
07346.png,83
11255.png,89
17304.png,93
05706.png,38
03734.png,81
16676.png,42
11922.png,22
11854.png,76
12402.png,2
06846.png,46
04111.png,58
00227.png,27
13483.png,81
14100.png,2
19839.png,38
01237.png,93
09160.png,58
06379.png,77
15592.png,69
16944.png,44
06302.png,17
08759.png,30
01238.png,38
10392.png,27
00926.png,27
14596.png,32
03877.png,68
03912.png,27
05003.png,58
11014.png,27
00584.png,10
05412.png,12
01978.png,76
09596.png,67
14547.png,17
14536.png,77
12030.png,30
06362.png,76
16971.png,38
13442.png,69
17913.png,12
13376.png,81
19556.png,57
18878.png,76
00509.png,62
06052.png,73
18461.png,7
07087.png,27
19940.png,7
13816.png,38
04736.png,27
01824.png,62
10574.png,27
15227.png,27
08889.png,81
14327.png,27
03779.png,31
00164.png,65
08261.png,59
13962.png,17
19573.png,27
14208.png,53
16999.png,57
19734.png,34
06317.png,17
17900.png,7
15971.png,69
19323.png,38
16833.png,76
00455.png,27
02929.png,27
09605.png,93
05476.png,22
18691.png,38
18886.png,68
12179.png,77
02771.png,69
10853.png,41
10307.png,24
01093.png,27
03178.png,76
00910.png,83
07951.png,27
06274.png,27
19413.png,84
17435.png,81
13270.png,27
19067.png,65
02686.png,89
07711.png,68
08496.png,93
13940.png,17
02596.png,17
16302.png,22
06517.png,17
02660.png,62
00169.png,67
05189.png,81
07035.png,77
09604.png,4
13905.png,5
13178.png,77
12853.png,95
16062.png,58
07165.png,27
07496.png,17
03761.png,59
02784.png,27
17432.png,79
04420.png,20
13163.png,61
02825.png,27
04565.png,27
03374.png,27
12773.png,70
06725.png,38
18572.png,70
15910.png,10
14121.png,21
08586.png,27
18597.png,93
01541.png,9
00117.png,85
14289.png,81
10176.png,71
12532.png,9
01708.png,62
16830.png,30
19133.png,33
18991.png,87
04431.png,31
16272.png,70
04192.png,27
00392.png,88
09224.png,24
09653.png,81
10668.png,27
13383.png,81
11372.png,71
15942.png,38
12511.png,27
02965.png,62
02597.png,93
02967.png,27
16683.png,23
19747.png,47
16594.png,81
14744.png,44
07998.png,28
11409.png,27
11639.png,38
19766.png,27
01844.png,44
12123.png,23
12293.png,77
18424.png,27
18295.png,27
19627.png,27
04246.png,65
14407.png,73
06034.png,34
03144.png,44
19135.png,81
01895.png,77
00816.png,68
16369.png,67
13572.png,70
16075.png,27
09652.png,81
17497.png,46
13947.png,47
03005.png,4
19827.png,27
18905.png,93
14563.png,61
12708.png,30
08123.png,23
10842.png,54
04579.png,77
10289.png,81
04068.png,66
06633.png,33
19738.png,38
14351.png,67
00247.png,7
03390.png,86
01289.png,81
19630.png,57
03057.png,55
02826.png,27
09583.png,81
19036.png,27
15795.png,27
19954.png,27
18922.png,22
11803.png,84
14133.png,27
07341.png,81
15223.png,23
11324.png,24
15542.png,87
07876.png,9
07730.png,30
07764.png,27
02611.png,7
13931.png,31
15095.png,27
03063.png,45
07501.png,93
02599.png,95
08234.png,34
07949.png,27
16837.png,89
00490.png,86
12049.png,27
16420.png,20
01846.png,76
00550.png,27
12577.png,81
02510.png,27
09181.png,79
18123.png,23
00226.png,27
03298.png,94
04794.png,81
19410.png,10
17321.png,21
13108.png,27
04358.png,21
08743.png,43
12324.png,38
06005.png,77
07877.png,71
12367.png,65
19951.png,51
06368.png,17
02041.png,71
14975.png,65
13574.png,81
02626.png,27
07811.png,9
16778.png,76
06346.png,46
07042.png,42
17025.png,20
00028.png,28
04263.png,61
01831.png,76
18776.png,30
04601.png,73
11461.png,16
17125.png,25
07512.png,12
18584.png,27
11052.png,27
00181.png,79
03203.png,22
02079.png,77
07906.png,38
05117.png,66
03807.png,25
19852.png,27
12669.png,27
02869.png,67
17651.png,27
19902.png,69
05097.png,93
10885.png,27
08921.png,21
09469.png,67
08420.png,20
05401.png,88
14819.png,38
00863.png,28
12762.png,30
10378.png,65
17222.png,83
04113.png,93
15344.png,44
07832.png,17
02881.png,79
18359.png,24
05486.png,30
01215.png,27
02615.png,27
13753.png,69
17176.png,38
01673.png,81
13407.png,59
12644.png,21
08049.png,27
18997.png,93
09695.png,27
00810.png,57
12450.png,58
02090.png,2
01969.png,18
12541.png,81
02714.png,30
10393.png,14
07070.png,68
02290.png,30
10170.png,17
18932.png,17
05702.png,69
02924.png,24
02365.png,27
18066.png,31
15980.png,78
10388.png,85
06594.png,27
19114.png,42
06591.png,38
16851.png,27
18623.png,23
06632.png,27
15292.png,88
11859.png,85
08581.png,76
00406.png,38
05087.png,27
18499.png,30
05634.png,81
17215.png,58
06625.png,27
00769.png,27
04132.png,68
09983.png,77
11309.png,27
00258.png,44
11514.png,27
18195.png,77
08116.png,67
12267.png,73
10275.png,17
19888.png,85
12428.png,93
11953.png,7
14491.png,56
15314.png,27
01312.png,76
16355.png,27
03299.png,95
07543.png,44
12237.png,68
00786.png,27
03313.png,13
06069.png,67
02481.png,17
15355.png,27
16891.png,87
02885.png,83
11460.png,24
09552.png,27
12742.png,21
02931.png,31
08846.png,27
10925.png,38
19500.png,27
17493.png,89
04714.png,23
13737.png,27
13060.png,27
19773.png,27
02369.png,67
18277.png,70
12501.png,72
12362.png,27
15139.png,2
12903.png,22
07982.png,27
09068.png,66
18742.png,42
14267.png,76
17612.png,12
05470.png,68
17372.png,70
15635.png,81
18258.png,38
19915.png,65
19184.png,79
10398.png,94
08929.png,17
10895.png,27
18511.png,23
10018.png,31
16848.png,27
16615.png,27
13382.png,18
05418.png,18
15661.png,59
12130.png,30
03262.png,27
17512.png,12
15138.png,38
13432.png,27
01660.png,72
06112.png,81
14463.png,62
09085.png,83
09336.png,93
10593.png,89
17062.png,84
17100.png,22
04991.png,87
15033.png,17
09088.png,85
00238.png,30
09762.png,27
18481.png,79
15199.png,86
19899.png,2
02403.png,84
05399.png,30
12957.png,55
12389.png,14
06792.png,88
18347.png,30
00478.png,76
12258.png,56
18028.png,28
12757.png,38
07482.png,81
14509.png,27
17677.png,81
13915.png,68
14817.png,17
11564.png,89
14519.png,38
15698.png,94
16407.png,38
07690.png,38
01328.png,28
09390.png,94
09385.png,31
18981.png,79
14415.png,27
03726.png,27
08778.png,77
15210.png,27
00126.png,27
05147.png,47
19769.png,67
01983.png,81
03104.png,93
19189.png,81
14567.png,27
12658.png,21
06120.png,20
04432.png,65
10849.png,49
01821.png,21
08446.png,27
04195.png,27
13906.png,6
01245.png,45
10896.png,67
16262.png,2
15639.png,38
08452.png,25
07803.png,27
13368.png,66
19065.png,68
18734.png,27
08668.png,17
03325.png,27
05216.png,7
15909.png,31
10342.png,30
09940.png,76
11722.png,84
03052.png,27
12203.png,62
14721.png,21
05185.png,27
09045.png,45
14244.png,38
18521.png,21
13354.png,10
04155.png,63
03264.png,62
11103.png,3
15543.png,59
10121.png,21
18588.png,85
18533.png,27
12926.png,27
08665.png,27
07488.png,85
09933.png,27
06673.png,70
07461.png,59
00267.png,76
11917.png,17
09391.png,87
16900.png,1
14099.png,27
16982.png,91
